,goods_id,class1,class2,topic,teacher
155,10389,保险实务,其他,你必须知道的贷款新渠道！,其他
566,10549,保险实务,其他,现在不买保险才是真的“洒”,其他
560,10663,保险实务,其他,微信支付宝卖保险，赔钱的时候平台还管我们吗？,其他
144,10751,保险实务,其他,本月起重疾险涨价50%？医疗险续保条款要取消？这都谁说的......,其他
38,10801,保险实务,其他,百万医疗险的诱惑,王雅楠
321,10263,宏观经济,其他,昨天晚上，外汇管理局发了个通知，这里是银行小伙伴应该了解的,其他
163,10279,宏观经济,其他,亚洲之巅 金钱不眠——新加坡金融崛起之谁与争锋,其他
672,10292,宏观经济,其他,关于直升机撒钱看这一篇就够了,其他
147,10296,宏观经济,其他,为什么美国非农数据那么重要？还被誉为经济指标中的XO?,其他
783,10298,宏观经济,其他,扔掉教科书！什么是货币政策？金融圈的，你至少应该知道这些,其他
39,10347,宏观经济,其他,2016年度诺贝尔经济学奖获得者霍姆斯特罗姆思想的解读,其他
439,10757,宏观经济,其他,财爸央妈吵架因丧偶式带娃？减税才是好爸爸？,其他
69,10819,宏观经济,其他,余额宝收益下跌=央行放水？教你一眼看穿胡说八道的自媒体平台,其他
316,10821,宏观经济,其他,为什么说我国央行是五千年来智慧的结晶,其他
306,10827,宏观经济,其他,共享经济已死，当初拒绝卖身的ofo后悔了吗？,其他
217,10829,宏观经济,其他,继视频网站下架影视剧之后，KTV也无法随心所欲歌唱了,其他
561,10831,宏观经济,其他,中国究竟会不会发行500、1000面值的人民币？,其他
656,10795,宏观经济,其他,灰犀牛与黑天鹅,刘雪莹
435,11041,宏观经济,其他,为什么西方放水用降息我国用降准,刘雪莹
406,11055,宏观经济,其他,广场协议（上） ——“广场协议”的来龙去脉,刘雪莹
292,11057,宏观经济,其他,广场协议 （下）——没有“广场协议”，日本还会停滞吗？,刘雪莹
657,10721,宏观经济,其他,同货不同价，价格歧视算歧视吗？,李经纬
695,10261,投资分析,其他,金融民工必知的数字货币与区块链,其他
194,10270,投资分析,其他,投资理财随笔：股票投资中的“贪婪”与“恐惧”,其他
256,10271,投资分析,其他,投资理财随笔：投资理财中的“理想”与“非理性”,其他
312,10280,投资分析,其他,硅谷风投资本大缩水,其他
636,10282,投资分析,其他,MSCI 为何物？为何让A股神魂颠倒？,其他
794,10286,投资分析,其他,2016宝万商站大戏前传,其他
733,10287,投资分析,其他,看不懂万宝之争？这里有看透权利游戏的必备常识,其他
809,10288,投资分析,其他,多米诺骨牌第一张！暂停兑付的房地产基金是怎么回事？,其他
440,10289,投资分析,其他,一周剧情摘要：万科股权之争，我只听到啪啪啪！,其他
152,10294,投资分析,其他,银行“理财新规”来袭！你想知道的都在这里！,其他
798,10351,投资分析,其他,巴菲特股东大会说了什么？,其他
381,10393,投资分析,其他,股权众筹研究——解读《股权众筹专项整治实施方案》,其他
692,10631,投资分析,其他,“大炮一响，黄金万两”已成历史，乱世藏金也有讲究……,其他
361,10635,投资分析,其他,3000亿的“全民任务”，1块钱就能跟着掺和,其他
603,10643,投资分析,其他,双语｜港交所希望小米为科技企业赴港上市大潮拉开帷幕,其他
524,10653,投资分析,其他,双语｜京东拟明年进军欧洲,其他
297,10657,投资分析,其他,"双语｜普通人极易陷入的两个思维定式, 每个投资理财人都应看看!",其他
47,10661,投资分析,其他,人人都需要黄金来避险吗？,其他
810,10665,投资分析,其他,余额宝的收益是如何被人为操控的,其他
91,10669,投资分析,其他,双语｜中国房地产政策收紧,其他
742,10691,投资分析,其他,余额宝（一）余额宝动了银行的奶酪吗？,其他
70,10719,投资分析,其他,余额宝（二）-宝宝诞生记,其他
290,10725,投资分析,其他,权益类基金（一）我国主动型权益类基金现状,其他
237,10727,投资分析,其他,权益类基金（二）以股票型ETF为代表的被动投资,其他
348,10729,投资分析,其他,权益类基金（三）指数基金的主动“玩法”,其他
613,10731,投资分析,其他,权益类基金（四）基于实证分析的权益类基金筛选策略,其他
746,10753,投资分析,其他,桥水基金正式进入中国，全天候投资策略能否再立新功？,其他
747,10755,投资分析,其他,房地产中介：保险公司都买房了你还等什么！,其他
555,10759,投资分析,其他,“上海银行的理财产品都跑路了！”银行何时能不再做“背锅侠”？,其他
628,10761,投资分析,其他,有上帝下注的股票——万亿美元的苹果公司,其他
492,10765,投资分析,其他,如果理财产品能打分，你会信任这些分数吗？,其他
333,10767,投资分析,其他,杭州中介抵押房租网贷是违规，自如公寓为何能够抵押租金发信托？,其他
682,10797,投资分析,其他,余额宝（三）- 余额宝的流动性风险,其他
386,10809,投资分析,其他,余额宝（四）- 余额宝带来的启发,其他
791,10815,投资分析,其他,P2P在美国为什么不会集体暴雷,其他
586,10817,投资分析,其他,余额宝收益已不足3%，货币基金对你来说还有吸引力吗？,其他
378,10701,投资分析,其他,美国房产继承因何受阻,刘东华
171,11081,投资分析,其他,从锦州银行取消优先股股息谈 优先股股东的相关权益,刘东华
132,10677,投资分析,其他,独角兽（二）独角兽为什么要离家出走,刘雪莹
281,10679,投资分析,其他,独角兽（一）大批出走的独角兽,刘雪莹
422,10693,投资分析,其他,独角兽（三·上）水土不服的独角兽,刘雪莹
411,10695,投资分析,其他,独角兽（三·中）水土不服的独角兽,刘雪莹
264,10697,投资分析,其他,独角兽（三·下）水土不服的独角兽,刘雪莹
283,10773,投资分析,其他,独角兽（四）独角兽为什么想回国？,刘雪莹
811,10775,投资分析,其他,独角兽（五）独角兽怎样回国？,刘雪莹
298,10777,投资分析,其他,独角兽（六）独角兽完结篇,刘雪莹
331,10779,投资分析,其他,论“韭菜”是如何炼成的,刘雪莹
97,10885,投资分析,其他,独角兽番外篇——寻找下一个独角兽出没地,刘雪莹
410,10899,投资分析,其他,泡沫（一）：一个色彩斑斓的神话,刘雪莹
285,10905,投资分析,其他,泡沫（二）两朵花引发的痴狂,刘雪莹
5,10907,投资分析,其他,泡沫（三）日本的房地产和股市泡沫,刘雪莹
368,10909,投资分析,其他,泡沫（四）中国的房地产有泡沫吗？,刘雪莹
4,10915,投资分析,其他,泡沫（五）次贷危机的成因及影响,刘雪莹
64,11023,投资分析,其他,全球大放水时代的大类资产变化趋势,刘雪莹
51,11069,投资分析,其他,负利率 （一）——央行的负利率极限在哪里？,刘雪莹
305,10911,投资分析,其他,“走过最长的路，就是你的套路”-警惕“套路贷”,曹渊
532,10675,投资分析,其他,巴菲特的财富传奇（一）,李向燕
617,10709,投资分析,其他,巴菲特财富传奇系列（三）巴菲特的成功秘诀,李向燕
168,10747,投资分析,其他,巴菲特投资成长四阶段的启示,李向燕
727,10897,投资分析,其他,量化交易（五）——-高频交易,李向燕
634,10723,投资分析,其他,恶意收购及恶意收购的后果,李经纬
542,10735,投资分析,其他,如何应对恶意收购,李经纬
210,10869,投资分析,其他,量化交易（一）——投资界的黑箱,李经纬
719,10871,投资分析,其他,量化交易（二）——必不可少的原材料,李经纬
202,10881,投资分析,其他,量化交易（三）——阿尔法模型（上）,李经纬
460,10895,投资分析,其他,量化交易（四）——阿尔法模型（下）,李经纬
427,10901,投资分析,其他,超短期现金管理工具：债券逆回购,李经纬
187,10687,投资分析,其他,2018 夏，A股“入摩”的故事,王雅楠
821,10699,投资分析,其他,股权质押风险真的猛如虎吗？,王雅楠
58,10715,投资分析,其他,退市股票的“王者归来”,王雅楠
373,10741,投资分析,其他,为什么中国上市企业分红少？,王雅楠
94,10975,投资分析,其他,理财市场新宠儿，定开债基,王雅楠
90,11049,投资分析,其他,期待中的沪伦通东向业务,王雅楠
432,10985,投资分析,其他,放开QFII的限制将引导外资持续流入,翟进
538,10673,投资分析,其他,房产过户给子女（一）哪种方式最划算之赠与篇,陶芳
291,10681,投资分析,其他,房产过户给子女（二）哪种方式最划算之继承篇,陶芳
788,10683,投资分析,其他,房产过户给子女（三）哪种方式最划算之买卖篇,陶芳
599,10685,投资分析,其他,房产过户给子女（四）哪种方式最划算之比较完结篇,陶芳
469,10649,法律实践,其他,婚姻关系是个筐，任何债务往里装 —《婚姻法》二十四条,其他
592,10781,法律实践,其他,未成年人财产如何管理与保护？（上）,刘东华
680,10783,法律实践,其他,未成年人财产如何管理与保护？（下）,刘东华
676,10805,法律实践,其他,婚内债务的责任认定与防范债务牵连的策略（上）,刘东华
262,10807,法律实践,其他,婚内债务的责任认定与防范债务牵连的策略（下）,刘东华
338,10969,法律实践,其他,技术性离婚，能挽救家族财产吗？ ——析原“私募一哥”徐翔离婚案,刘东华
426,11021,法律实践,其他,小米“纪念股”中蕴含的法律规则,刘东华
105,10252,福利规划,其他,金融大格局下的理财师职业生涯规划,其他
414,10321,福利规划,其他,后脱欧时代的留学、移民和理财五：留学党，英国脱欧对你到底是福？是祸？,其他
735,10323,福利规划,其他,后脱欧时代的留学、移民和理财四：营造世界金融领域新格局,其他
611,10325,福利规划,其他,后脱欧时代的留学、移民和理财三：英国脱欧触发世界贸易新动向,其他
434,10327,福利规划,其他,后脱欧时代的留学、移民和理财二：英国内部对欧盟态度的差异分析,其他
564,10395,福利规划,其他,移民福利：澳大利亚究竟有多好?,其他
674,10401,福利规划,其他,移民加拿大能享受哪些福利？,其他
107,10439,福利规划,其他,福利天堂：日本究竟有多好？,其他
659,10443,福利规划,其他,移民新加坡能享受哪些福利？,其他
647,10449,福利规划,其他,德国优越的法定福利，你了解多少？,其他
525,10547,福利规划,其他,没见过高福利？移民美国你就知道了！,其他
504,10655,福利规划,其他,双语｜理财师教练课正在走俏,其他
115,10703,福利规划,其他,你的企业如何与你说再见,其他
367,10717,福利规划,其他,后脱欧时代的留学、移民和理财一：不得不知的历史背景,其他
489,10763,福利规划,其他,三驾马车还是要靠自己，14支养老目标基金如何保障“我的后半生”？,其他
595,10825,福利规划,其他,5成受访者认为退休时能存下300万，至于如何攒下“那还没想过”,其他
785,10789,福利规划,其他,"“以房养老”,路在何方？",王雅楠
153,10253,私人银行,其他,财富新谈资系列“慈善前世”,其他
344,10254,私人银行,其他,财富新谈资系列“慈善今生”,其他
635,10255,私人银行,其他,财富新谈资系列“慈善未来”,其他
108,10545,私人银行,其他,家族信托秘笈,其他
513,10651,私人银行,其他,双语｜极地旅游，5%的人才能享受的极致魅力,其他
465,10659,私人银行,其他,双语｜全球富豪最热衷的移民国家竟然是TA！,其他
479,10671,私人银行,其他,中国高净值家庭362万户，15%来自炒房客……,其他
145,10989,私人银行,其他,股权代持的缘由与法律的“态度”,刘东华
209,10991,私人银行,其他,股权代持各方的权利与责任,刘东华
494,10993,私人银行,其他,隐名股东的显名,刘东华
304,10995,私人银行,其他,股权代持风险的应对策略,刘东华
345,10278,税务解读,其他,央妈又在攒大招了！一分钟读懂托宾税！,其他
507,10293,税务解读,其他,我们是如此义无反顾，为这房产税的开征,其他
649,10639,税务解读,其他,崔永元再次开撕实话实说，“范冰冰们”能否有一说一？,其他
750,10739,税务解读,其他,中国税收洼地系列-西藏自治区税收优惠政策介绍,王爱云
604,10843,税务解读,其他,中国税收洼地系列-西部地区税收优惠政策介绍,王爱云
421,10707,税务解读,其他,中国税收洼地系列-霍尔果斯税收优惠政策介绍,闫淑青
208,10835,税务解读,其他,IPO申报中五大税务风险的化解办法,闫淑青
86,10873,税务解读,其他,中国税收洼地系列-自贸区税收政策介绍,闫淑青
807,10883,税务解读,其他,股权代持的税务风险,闫淑青
212,10973,税务解读,其他,和大家聊聊“数字服务税”,闫淑青
423,11101,税务解读,其他,税收常识：说说“税收居民个人”,闫淑青
303,10713,税务解读,其他,个税改革：10月1日可能迈出第一步，你准备好了吗？（上）,陶芳
346,10745,税务解读,其他,谈谈个税改革中的专项附加扣除,陶芳
728,10837,税务解读,其他,房地产税？房产税？老虎、老鼠，傻傻分不清楚（上）,陶芳
375,10839,税务解读,其他,房地产税？房产税？老虎、老鼠，傻傻分不清楚（中）,陶芳
177,10841,税务解读,其他,房地产税？房产税？老虎、老鼠，傻傻分不清楚（下）,陶芳
760,11037,税务解读,其他,个税改革系列：个人纳税信息纳入征信系统，大势所趋（上）,陶芳
399,11039,税务解读,其他,个税改革系列：个人纳税信息纳入征信系统，大势所趋（下）,陶芳
549,11095,考培辅导,投资分析,央行发行数字货币意味着什么？（上）,李经纬
557,10259,职业素养,其他,你相信这个游戏风靡了华尔街吗？,其他
220,10268,职业素养,其他,入职季特别内容：银行生存，从入门到精通“老司机带带我!”,其他
287,10329,职业素养,其他,世上比婆媳关系更难平衡的关系是什么？理财经理告诉你！,其他
441,10543,职业素养,其他,银行客户经理究竟是个什么鬼,其他
324,10647,职业素养,其他,双语｜好点子好产品都无法吸引客户？大佬们亲自解答这三大创业误区！,其他
309,10667,职业素养,其他,双语｜崭新的女性企业文化,其他
615,10711,职业素养,其他,大数据杀熟，你中过招吗？,李经纬
362,10200,财经人文,其他,索罗斯系列一：索罗斯其人,其他
759,10202,财经人文,其他,索罗斯系列二：索罗斯与亚洲金融危机,其他
448,10203,财经人文,其他,索罗斯系列三：做空！终极解密,其他
160,10641,财经人文,其他,双语｜对冲基金教父达里奥 揭秘伟大公司与人物的共同特质！,其他
608,10645,财经人文,其他,双语｜谷歌和腾讯达成专利共享协议,其他
46,10733,财经人文,其他,大数据征信及其奇葩的征信指标,其他
257,10769,财经人文,其他,支付宝当家人更换引发大讨论，蚂蚁金服：花呗还得继续还,其他
612,10689,财经人文,其他,巴菲特的财富传奇（二）集大成者巴菲特,李向燕
413,10791,财经人文,其他,巴菲特的价值投资体系,李向燕
712,10857,财经人文,其他,巴菲特投资失败案例分析,李向燕
328,10799,财经人文,其他,影子银行（一）-什么是影子银行,李经纬
511,10803,财经人文,其他,影子银行（二）-影子银行的风险？,李经纬
192,10923,财经课程,保险实务,寿险保单顺利承保的要件--核保实务解密,佟伟彤
573,11518,财经课程,保险实务,个人购买保险的涉税问题,佟伟彤
76,11519,财经课程,保险实务,企业购买保险的涉税问题,佟伟彤
454,11520,财经课程,保险实务,保险节税的现在与未来,佟伟彤
189,11521,财经课程,保险实务,与保险相关的涉税问题,佟伟彤
702,11880,财经课程,保险实务,重疾险“新变”——对消费者意味着什么（下),佟伟彤
138,11881,财经课程,保险实务,重疾险“新变”——对消费者意味着什么（上),佟伟彤
135,11882,财经课程,保险实务,重疾险“新变”——对消费者意味着什么,佟伟彤
474,10138,财经课程,保险实务,保险实务系列课程：怎样读懂保险条款,其他
203,10232,财经课程,保险实务,保险实务系列课程：细说保险销售误导,其他
128,11243,财经课程,保险实务,非常时期（一）新冠肺炎突发事件的“危与机”剖析,孔志军
596,11245,财经课程,保险实务,非常时期（二）健康保险与抗击疫情的共生性、关联性,孔志军
21,11247,财经课程,保险实务,非常时期（三）家庭保险规划之道与术,孔志军
424,11249,财经课程,保险实务,非常时期（四）家庭全方位保险规划概述,孔志军
787,11270,财经课程,保险实务,非常时期保险规划之道与术,孔志军
815,11513,财经课程,保险实务,初识互联网保险,张世杰
745,11514,财经课程,保险实务,互联网保险与线下保险有什么区别,张世杰
352,11515,财经课程,保险实务,如何挑选互联网保险,张世杰
235,11516,财经课程,保险实务,后续理赔与服务,张世杰
606,11517,财经课程,保险实务,揭秘互联网保险,张世杰
580,11783,财经课程,保险实务,如何快速读懂保险条款,张世杰
546,11784,财经课程,保险实务,如何快速定性保险产品,张世杰
577,11785,财经课程,保险实务,保险条款案例分析,张世杰
648,11786,财经课程,保险实务,除了保险合同，我们还应该注重哪些方面,张世杰
706,11787,财经课程,保险实务,手把手学会看保险合同,张世杰
515,11578,财经课程,保险实务,保险新格局之消费者和从业人员变化,张岩
104,11579,财经课程,保险实务,保险新格局之营销方式和保险公司,张岩
355,11580,财经课程,保险实务,报销型保险的逻辑和模型,张岩
734,11581,财经课程,保险实务,给付型保险的逻辑和模型,张岩
360,11582,财经课程,保险实务,保险行业新格局下的理财师生存之道,张岩
731,11685,财经课程,保险实务,家庭保险规划的核心原则,张岩
793,11686,财经课程,保险实务,家庭保险配置,张岩
704,11687,财经课程,保险实务,家庭保险规划的流程与示例,张岩
42,11688,财经课程,保险实务,家庭保险规划的逻辑、流程与示例,张岩
830,12191,财经课程,保险实务,保险精进课程2.0,张岩
1093,13722,财经课程,保险实务,市场格局：认识三大保险阵营,张岩
1100,13723,财经课程,保险实务,三大保险阵营主流产品的分析框架及案例分析,张岩
1097,13724,财经课程,保险实务,三大保险阵营主流保险产品对比及各自优劣势,张岩
1092,13725,财经课程,保险实务,学会用框架性思维去学习、诊断及解读保险产品,张岩
1090,13726,财经课程,保险实务,用框架性思维看懂三大保险阵营产品,张岩
112,11339,财经课程,保险实务,保险精进课程,强胜楠
236,11320,财经课程,保险实务,大额保单需求分析与场景运用,曾祥霞
506,11202,财经课程,保险实务,如何给婴幼儿买保险（下）,李红军
512,11203,财经课程,保险实务,如何给婴幼儿买保险（上）,李红军
510,11103,财经课程,保险实务,终身寿险“都挺好”之产品理念与高客成交,杨宁昱 CoCo
619,11105,财经课程,保险实务,终身寿险“都挺好”之功能运用及销售逻辑,杨宁昱 CoCo
1032,13336,财经课程,保险实务,为什么要买香港储蓄保险,杨旭
1031,13337,财经课程,保险实务,香港储蓄险详细解读,杨旭
1035,13338,财经课程,保险实务,香港保险之储蓄保险,杨旭
1113,13741,财经课程,保险实务,为什么要买香港人寿保险,杨旭
1111,13742,财经课程,保险实务,香港的终身寿险是什么,杨旭
1106,13743,财经课程,保险实务,香港的万用寿险是什么,杨旭
1109,13744,财经课程,保险实务,香港保险之人寿保险,杨旭
1122,13750,财经课程,保险实务,香港保险现状及重疾险解读,杨旭
1119,13751,财经课程,保险实务,中港重疾保险对比,杨旭
1121,13752,财经课程,保险实务,香港重疾保险该怎么选（上）,杨旭
1116,13753,财经课程,保险实务,香港重疾保险该怎么选（下）,杨旭
1120,13754,财经课程,保险实务,香港的重疾保险怎么买,杨旭
1117,13755,财经课程,保险实务,香港重疾保险防踩坑攻略,杨旭
1118,13756,财经课程,保险实务,香港保险之重疾保险,杨旭
523,10331,财经课程,保险实务,境外旅游保险,范娟娟
224,11225,财经课程,保险实务,保险并没有那么复杂,薛飞
56,11227,财经课程,保险实务,保险，一切从条款开始,薛飞
14,11872,财经课程,保险实务,婚姻风险规划中保险的定位,薛飞
59,11873,财经课程,保险实务,个人婚前财产规划,薛飞
78,11874,财经课程,保险实务,实力差距较大家庭的风险规划,薛飞
443,11875,财经课程,保险实务,多子女家庭的风险规划,薛飞
185,11876,财经课程,保险实务,婚姻风险规划中的保单设计,薛飞
1220,13961,财经课程,保险实务,回到最初认识年金险,薛飞
1221,13962,财经课程,保险实务,年金险的变身,薛飞
1226,13963,财经课程,保险实务,年金险计划书的关键信息,薛飞
1218,13964,财经课程,保险实务,年金保险的基础应用场景,薛飞
1216,13965,财经课程,保险实务,从头认识年金险,薛飞
1052,13582,财经课程,保险实务,艺术品保险精准避雷，险企如何活用免责条款,赵力
1057,13583,财经课程,保险实务,一个签名引发的艺术品保额差异战,赵力
1054,13584,财经课程,保险实务,展画看季节，保值看建筑——论艺术展选址重要性,赵力
1055,13585,财经课程,保险实务,让艺术品复活之“我在民间修文物”,赵力
1058,13586,财经课程,保险实务,“裸奔”的艺术：艺术品保险到底在保什么？,赵力
244,11799,财经课程,保险实务,邀约与保单整理--险种分析（上）,赵璇
391,11800,财经课程,保险实务,保单整理--险种分析（下）,赵璇
278,11801,财经课程,保险实务,保单整理成果展示,赵璇
317,11802,财经课程,保险实务,"保单整理,资源觉醒",赵璇
671,11107,财经课程,保险实务,投保人行为不当导致的理赔风险（上）,邴文超
140,11109,财经课程,保险实务,投保人行为不当导致的理赔风险（下）,邴文超
52,11404,财经课程,保险实务,疫情下的费用概览及带来的影响,邴文超
350,11405,财经课程,保险实务,面对疫情等突发事件如何筑造家庭防火墙,邴文超
723,11406,财经课程,保险实务,面对疫情等突发事件如何筑造企业防火墙,邴文超
92,11407,财经课程,保险实务,从疫情看保险的作用,邴文超
151,11459,财经课程,保险实务,高血压患者如何投保,邴文超
17,11464,财经课程,保险实务,糖尿病患者如何投保,邴文超
718,11744,财经课程,保险实务,重疾险疾病理解不当导致的理赔误区（上）,邴文超
169,11745,财经课程,保险实务,重疾险疾病理解不当导致的理赔误区（下）,邴文超
159,11746,财经课程,保险实务,重疾险理赔规则理解不当导致的理赔误区,邴文超
665,11747,财经课程,保险实务,重大疾病保险购买策略,邴文超
633,11748,财经课程,保险实务,重大疾病保险常见理赔误区,邴文超
339,11855,财经课程,保险实务,客户家庭保单优化调整策略（下）,邴文超
2,11856,财经课程,保险实务,客户家庭保单优化调整策略（上）,邴文超
775,11857,财经课程,保险实务,客户家庭保单诊断的重点,邴文超
137,11858,财经课程,保险实务,重视客户家庭保单整理的流程（下）,邴文超
801,11859,财经课程,保险实务,重视客户家庭保单整理的流程（上）,邴文超
802,11860,财经课程,保险实务,家庭保单整理对客户的重要性,邴文超
49,11861,财经课程,保险实务,关注客户的家庭保单整理诊断及调整,邴文超
282,11113,财经课程,保险实务,中港两地高端保险的差异性分析,门勃
498,11703,财经课程,保险实务,轻症类重大疾病分析,门勃
462,11704,财经课程,保险实务,非标定义重大疾病辨析,门勃
776,11705,财经课程,保险实务,标准定义重大疾病解析,门勃
708,11706,财经课程,保险实务,重疾险中的传染病保障,门勃
170,11707,财经课程,保险实务,不同人群重疾风险分析,门勃
645,11708,财经课程,保险实务,理解保险中的重大疾病,门勃
261,11709,财经课程,保险实务,重大疾病保险拆解-疾病篇,门勃
861,12448,财经课程,保险实务,保险数字化转型的理论逻辑,马兆林
860,12449,财经课程,保险实务,科技在保险业的应用场景,马兆林
859,12450,财经课程,保险实务,保险业新成员——大数据与人工智能,马兆林
863,12451,财经课程,保险实务,保险业数字化转型实践,马兆林
862,12453,财经课程,保险实务,保险业的数字化转型之路,马兆林
823,10485,财经课程,保险实务,人身保险的保险利益,魏绍玲
457,10629,财经课程,宏观经济,中国货币政策工具的影响与走势,其他
1297,14048,财经课程,宏观经济,2020第十三届中国金融理财师年会 持证人圆桌论坛及闭幕,其他
1292,14050,财经课程,宏观经济,我国宏观经济运行与货币政策趋向,其他
579,11235,财经课程,宏观经济,2020经济与资本市场展望（一）国内稳发展，风险要防范,刘国庆
246,11237,财经课程,宏观经济,2020经济与资本市场展望（二）分析世界局势，提出机遇与挑战,刘国庆
404,11239,财经课程,宏观经济,2020经济与资本市场展望（三）5G大背景下的投资风口,刘国庆
757,11241,财经课程,宏观经济,2020经济与资本市场展望（四）预测2020投资十大风口行业,刘国庆
390,11299,财经课程,宏观经济,2020经济与资本市场展望,刘国庆
1123,13770,财经课程,宏观经济,行为经济学视角下的财富管理,刘宁辉
1125,13771,财经课程,宏观经济,行为经济学对财富管理的影响、应用与行业展望,刘宁辉
1131,13772,财经课程,宏观经济,客户视角和专业视角看资产配置,刘宁辉
1127,13773,财经课程,宏观经济,资产配置的CMS模型,刘宁辉
1124,13774,财经课程,宏观经济,行为经济学视角下的资产配置,刘宁辉
1036,13339,财经课程,宏观经济,如何理解货币政策与经济的关联？,刘雪莹
1037,13340,财经课程,宏观经济,央行大水漫灌的货币政策工具有哪些？,刘雪莹
1039,13341,财经课程,宏观经济,央行精准滴灌的货币政策工具有哪些？,刘雪莹
1038,13342,财经课程,宏观经济,平衡大水漫灌与精准滴灌的艺术,刘雪莹
1033,13343,财经课程,宏观经济,货币政策效果及未来走向如何？,刘雪莹
1034,13344,财经课程,宏观经济,大水漫灌与精准滴灌,刘雪莹
1159,13920,财经课程,宏观经济,宏观经济的基础框架及主要数据（上）,夏天然
1174,13921,财经课程,宏观经济,宏观经济的基础框架及主要数据（下）,夏天然
1175,13922,财经课程,宏观经济,宏观经济中国的信贷指标和流动性指标,夏天然
1162,13923,财经课程,宏观经济,宏观经济中的物价指标、经济政策与周期,夏天然
1176,13924,财经课程,宏观经济,宏观经济角度下的大类资产配置,夏天然
1179,13925,财经课程,宏观经济,读懂经济指标-宏观经济分析逻辑,夏天然
1294,14052,财经课程,宏观经济,财富面临的巨大叠加风险与挑战,宋健
183,11412,财经课程,宏观经济,金融危机怎么发生的？,屈庆
602,11413,财经课程,宏观经济,美国宏观经济指标体系介绍,屈庆
403,11414,财经课程,宏观经济,美国行业经济指标体系介绍,屈庆
804,11415,财经课程,宏观经济,欧洲和日本经济指标体系介绍,屈庆
387,11416,财经课程,宏观经济,中国宏观经济数据您读懂了吗---宏观经济指标初探和分析的原则,屈庆
272,11417,财经课程,宏观经济,中国宏观经济数据您读懂了吗---经济的三架马车是什么？,屈庆
139,11418,财经课程,宏观经济,中国宏观经济数据您读懂了吗---老百姓如何保证钱不贬值,屈庆
72,11419,财经课程,宏观经济,中国宏观经济数据您读懂了吗---房地产等行业如何影响宏观经济,屈庆
121,11420,财经课程,宏观经济,宏观经济指标及数据解读,屈庆
1295,14049,财经课程,宏观经济,疫情留痕：周期与结构,彭文生
959,12853,财经课程,宏观经济,中美关系及贸易战的回顾、本质与展望,彭波
957,12854,财经课程,宏观经济,美国的地缘、外交理论与战略,彭波
956,12855,财经课程,宏观经济,美国的贸易保护主义，中美关系及文明,彭波
955,12856,财经课程,宏观经济,中美贸易战的回顾与启示,彭波
958,12857,财经课程,宏观经济,中美共治下的世界及我们的选择,彭波
1293,14051,财经课程,宏观经济,《2020中国金融理财人才素质报告》发布会,李经纬
694,11328,财经课程,宏观经济,一切监管政策本源--习总书记金融相关讲话解读与分析（上）,王刚
126,11329,财经课程,宏观经济,一切监管政策本源--习总书记金融相关讲话解读与分析（下）,王刚
722,11330,财经课程,宏观经济,央行、银保监会年度工作会议解读及政策分析（上）,王刚
463,11331,财经课程,宏观经济,央行、银保监会年度工作会议解读及政策分析（下）,王刚
701,11332,财经课程,宏观经济,贷款定价机制、信贷结构、民营小微企业金融监管政策梳理,王刚
308,11333,财经课程,宏观经济,资管新规配套细则解读（上）,王刚
620,11334,财经课程,宏观经济,资管新规配套细则解读（下）,王刚
277,11336,财经课程,宏观经济,疫情对宏观经济、银行业的影响及应对政策解读,王刚
737,11337,财经课程,宏观经济,金融监管部门政策解读及政策走向研判,王刚
227,11338,财经课程,宏观经济,金融（监管）政策解读,王刚
388,11208,财经课程,宏观经济,以美元为主的世界货币体系是如何形成的？,翟进
1025,13228,财经课程,宏观经济,2020年下半年大类资产配置策略,聂俊峰
343,10861,财经课程,宏观经济,中美贸易战分析及对汇率市场的影响,邵传华
630,11777,财经课程,宏观经济,货币金融指标入门分析,郎达群
1296,14047,财经课程,宏观经济,数字时代的中美关系,阎学通
711,11111,财经课程,宏观经济,还原印度经济奇迹背后的秘密（上）,阿图尔•乔什
122,11137,财经课程,宏观经济,对话惠誉Fitch Ratings前CEO,阿图尔•乔什
1048,13350,财经课程,宏观经济,2020年政治经济金融冲击及经济结构调整对银行业的影响,陈择华
1046,13351,财经课程,宏观经济,无经济增速目标与“六保”“六稳”下银行业如何行动,陈择华
1044,13452,财经课程,宏观经济,2020年主要行业趋势及银行降本增效创新策略,陈择华
1047,13453,财经课程,宏观经济,消费迭代与利率调整后的银行业务策略,陈择华
1045,13454,财经课程,宏观经济,2020年两会与宏观经济分析与对策,陈择华
296,11676,财经课程,宏观经济,全国两会,雷振妹
496,11677,财经课程,宏观经济,国内三大经济会议,雷振妹
624,11678,财经课程,宏观经济,全球两大议息会议,雷振妹
27,11679,财经课程,宏观经济,你需要知道的国内外六大经济会议,雷振妹
1089,13715,财经课程,宏观经济,货币超发背景下的理财策略,马晓青
631,10859,财经课程,投资分析,全球石油供需格局及原油价格分析,佘建跃
839,12311,财经课程,投资分析,起航新蓝海，揭开REITs神秘面纱,倪康加
840,12312,财经课程,投资分析,美国、亚洲REITs市场现状全面解析,倪康加
841,12313,财经课程,投资分析,中国REITs的演变之路,倪康加
842,12314,财经课程,投资分析,REITs的投资之道,倪康加
843,12315,财经课程,投资分析,全维度解析中国版公募REITs,倪康加
509,10581,财经课程,投资分析,2020 分析和评估客户当前的财务状况,其他
878,12571,财经课程,投资分析,如何从零开始完成一个ABS项目,其他
1262,14016,财经课程,投资分析,融资融券交易规则入门,其他
1258,14007,财经课程,投资分析,资产配置的“聚”与“散”,刘宁辉
1253,14008,财经课程,投资分析,资产配置的“舍”与“得”,刘宁辉
1254,14009,财经课程,投资分析,财富机遇背后的逻辑闭环（上）,刘宁辉
1248,14010,财经课程,投资分析,财富机遇背后的逻辑闭环（下）,刘宁辉
1261,14011,财经课程,投资分析,资产配置的舍与得,刘宁辉
703,10903,财经课程,投资分析,债券投资分析之利率债,刘恋
459,10965,财经课程,投资分析,从美债收益率曲线倒挂谈资产配置,刘恋
755,11059,财经课程,投资分析,大股东的另类减持,刘恋
591,11211,财经课程,投资分析,减持规定引众议，中外条款大不同,刘恋
418,11632,财经课程,投资分析,历次疫情对经济的影响,刘恋
301,11633,财经课程,投资分析,本次疫情对经济的影响,刘恋
770,11634,财经课程,投资分析,本次疫情对行业的影响,刘恋
241,11635,财经课程,投资分析,本次疫情对投资者心理的影响,刘恋
25,11636,财经课程,投资分析,疫情如何影响人们的投资决策和投资心理,刘恋
270,11749,财经课程,投资分析,前言：市场需要择时吗？市场能够择时吗？什么是市场底部？,刘恋
211,11750,财经课程,投资分析,境内股票市场底部估值指标判断（一）,刘恋
82,11751,财经课程,投资分析,境内股票市场底部估值指标判断（二）,刘恋
0,11752,财经课程,投资分析,境内股票市场底部情绪指标判断,刘恋
73,11753,财经课程,投资分析,境内股票市场底部宏观环境判断以及当前市场状况判断总结,刘恋
71,11754,财经课程,投资分析,境内股票市场底部特征,刘恋
88,11900,财经课程,投资分析,基于估值指标和情绪指标的投资策略,刘恋
179,11902,财经课程,投资分析,估值指标与情绪指标（一）,刘恋
758,11904,财经课程,投资分析,如何取得指数超额收益？——基于市场指标的择时策略,刘恋
436,11953,财经课程,投资分析,估值指标与情绪指标（二）,刘恋
226,11954,财经课程,投资分析,量化择时投资交易,刘恋
1150,13904,财经课程,投资分析,黄金的锚是什么,刘恋
1149,13905,财经课程,投资分析,几轮“放水”下的黄金价格,刘恋
1148,13906,财经课程,投资分析,未来黄金投资的机会与产品选择,刘恋
1147,13907,财经课程,投资分析,黄金的投资逻辑及趋势,刘恋
879,12570,财经课程,投资分析,银行投资理财产品相关风险,刘钟鸣
880,12573,财经课程,投资分析,私募投资基金的特点与合规运营,刘钟鸣
876,12574,财经课程,投资分析,答疑：销售合规、风险责任、借条规范等,刘钟鸣
877,12576,财经课程,投资分析,私募投资基金与第三方理财产品风险,刘钟鸣
891,12577,财经课程,投资分析,选择不同理财产品需要注意的法律问题,刘钟鸣
820,11083,财经课程,投资分析,负利率（二） ——负利率债券值得投资吗？,刘雪莹
260,11210,财经课程,投资分析,负利率（三）——存贷款市场负利率,刘雪莹
83,11871,财经课程,投资分析,负利率（四）——负利率的传导路径和影响,刘雪莹
779,11430,财经课程,投资分析,科技公司为啥对AB股“情有独钟”,卢晓慧
364,11432,财经课程,投资分析,权力的游戏AB股,卢晓慧
585,11462,财经课程,投资分析,阿里巴巴与港交所的“未了情缘”,卢晓慧
578,11463,财经课程,投资分析,AB股的“直线”和“曲线”,卢晓慧
156,11475,财经课程,投资分析,上市公司的各种“雷”,卢晓慧
124,11476,财经课程,投资分析,价值识别的财务指标之毛利率、扣非净利润、ROE,卢晓慧
245,11477,财经课程,投资分析,价值识别的财务指标之经营性现金流、关联交易,卢晓慧
464,11478,财经课程,投资分析,价值识别的非财务指标,卢晓慧
430,11479,财经课程,投资分析,暴雷的深层原因及应对策略,卢晓慧
732,11480,财经课程,投资分析,练就企业价值识别的“火眼金睛”- 财务指标&非财务指标,卢晓慧
453,11530,财经课程,投资分析,哈佛分析的框架,卢晓慧
563,11531,财经课程,投资分析,战略分析,卢晓慧
679,11532,财经课程,投资分析,会计分析,卢晓慧
322,11533,财经课程,投资分析,财务分析（上）,卢晓慧
605,11534,财经课程,投资分析,财务分析（中）,卢晓慧
401,11535,财经课程,投资分析,财务分析（下）,卢晓慧
54,11536,财经课程,投资分析,前景分析,卢晓慧
314,11537,财经课程,投资分析,价值投资与分析逻辑,卢晓慧
55,11538,财经课程,投资分析,哈佛分析与价值投资,卢晓慧
1212,13966,财经课程,投资分析,买方投顾业务的中国实践,吴清扬
1219,13967,财经课程,投资分析,买方投顾创造的用户价值探讨（上）,吴清扬
1227,13968,财经课程,投资分析,买方投顾创造的用户价值探讨（下）,吴清扬
1213,13969,财经课程,投资分析,买方投顾的现状与未来,吴清扬
1223,13970,财经课程,投资分析,买方投顾业务的探索与实践,吴清扬
218,11583,财经课程,投资分析,指数投资的意义,周佳蓉
806,11585,财经课程,投资分析,被动指数型基金,周佳蓉
416,11586,财经课程,投资分析,普通股票型基金,周佳蓉
158,11587,财经课程,投资分析,股票型基金的投资分析,周佳蓉
74,11601,财经课程,投资分析,市场投资者情绪研究的意义,周佳蓉
96,11602,财经课程,投资分析,情绪性指标对市场走势的影响（上）,周佳蓉
764,11603,财经课程,投资分析,情绪性指标对市场走势的影响（下）,周佳蓉
7,11605,财经课程,投资分析,情绪性指数的交易策略分析,周佳蓉
225,11606,财经课程,投资分析,A股情绪性指标的构建和交易策略分析,周佳蓉
142,11615,财经课程,投资分析,什么是对冲基金？（上）,周佳蓉
568,11616,财经课程,投资分析,什么是对冲基金？（下）,周佳蓉
766,11617,财经课程,投资分析,对冲基金策略的量化分析（上）,周佳蓉
784,11618,财经课程,投资分析,对冲基金策略的量化分析（下）,周佳蓉
482,11619,财经课程,投资分析,对冲基金的投资分析,周佳蓉
892,12591,财经课程,投资分析,基金经理投资能力对产品业绩影响（上）,周佳蓉
899,12592,财经课程,投资分析,基金经理投资能力对产品业绩影响（下）,周佳蓉
896,12593,财经课程,投资分析,基金经理投资能力定性定量分析（上）,周佳蓉
889,12594,财经课程,投资分析,基金经理投资能力定性定量分析（下）,周佳蓉
897,12595,财经课程,投资分析,公募股票基金经理投资能力分析,周佳蓉
979,12877,财经课程,投资分析,带期权特征的理财产品分析,周佳蓉
976,12878,财经课程,投资分析,带期权特征的理财产品实例,周佳蓉
980,12879,财经课程,投资分析,期权特征对理财产品的影响,周佳蓉
999,12995,财经课程,投资分析,什么是量化交易,周佳蓉
993,12996,财经课程,投资分析,量化交易对市场的影响（上）,周佳蓉
1007,12997,财经课程,投资分析,量化交易对市场的影响（下）,周佳蓉
1009,12998,财经课程,投资分析,量化交易对交易的改变（上）,周佳蓉
1010,12999,财经课程,投资分析,量化交易对交易的改变（下）,周佳蓉
1008,13000,财经课程,投资分析,量化交易改变交易本身,周佳蓉
400,11868,财经课程,投资分析,投资组合提升课2.0,夏天然
919,12713,财经课程,投资分析,企业财务报表操纵的常用手法及预警信号,孙希荣
916,12714,财经课程,投资分析,总体识别财务报表操纵的几种方法,孙希荣
920,12715,财经课程,投资分析,对资产负债表项目操纵的识别,孙希荣
918,12716,财经课程,投资分析,对利润表项目操纵的识别,孙希荣
915,12717,财经课程,投资分析,对现金流量表项目操纵的识别,孙希荣
917,12718,财经课程,投资分析,证监会稽查IPO财务舞弊的方法,孙希荣
921,12719,财经课程,投资分析,财务报表操纵与识别,孙希荣
451,11091,财经课程,投资分析,全球衰退下的资产配置（一）深度剖析全球经济形势,宋健
111,11093,财经课程,投资分析,全球衰退下的资产配置（二）新形势下大类资产配置,宋健
587,11663,财经课程,投资分析,资深客户经理必备系列课,宋玉臣
1142,13782,财经课程,投资分析,股票投机智慧,宋玉臣
1136,13783,财经课程,投资分析,人性决定股性,宋玉臣
1138,13784,财经课程,投资分析,股市为啥只有少数人赚钱,宋玉臣
1135,13896,财经课程,投资分析,如何看待技术分析,宋玉臣
1145,13897,财经课程,投资分析,基本分析为何更有难度,宋玉臣
1133,13898,财经课程,投资分析,被动投资的主动策略,宋玉臣
1137,13899,财经课程,投资分析,我的股票投机经历与体会,宋玉臣
1132,13900,财经课程,投资分析,认识中国股市,宋玉臣
1143,13901,财经课程,投资分析,中国股市为何牛短熊长,宋玉臣
1139,13902,财经课程,投资分析,中国股市的奇葩事件,宋玉臣
1141,13903,财经课程,投资分析,中国股市的未来：注册制时代,宋玉臣
756,11251,财经课程,投资分析,突发事件（一）概念和特点,屈庆
136,11253,财经课程,投资分析,突发事件（二）本轮疫情和非典对市场影响的比较和分析,屈庆
554,11255,财经课程,投资分析,突发事件（三）如何影响中国经济和金融市场,屈庆
395,11257,财经课程,投资分析,突发事件（四）经济和金融市场如何应对,屈庆
8,11271,财经课程,投资分析,突发事件下经济和金融市场如何应对,屈庆
660,11846,财经课程,投资分析,资管新规下，泛资管行业何去何从？,屈庆
467,11852,财经课程,投资分析,公募，信托，券商，保险理财发展现状,屈庆
531,11853,财经课程,投资分析,资管行业的前世今生,屈庆
206,11854,财经课程,投资分析,资管行业和资管产品的前世今生,屈庆
1301,14064,财经课程,投资分析,债券市场基本情况,屈庆
1310,14065,财经课程,投资分析,债券投资基本逻辑与案例解析,屈庆
1304,14066,财经课程,投资分析,固定收益类资产配置基本逻辑和案例,屈庆
286,10853,财经课程,投资分析,资管新规下的信托产品投资策略,屠卫
433,11826,财经课程,投资分析,国企混改与格力的股份转让事件,席啸
380,11827,财经课程,投资分析,格力电器发展史和格力电器架构改变,席啸
638,11828,财经课程,投资分析,格力电器的控制人和珠海明骏的股权架构,席啸
621,11829,财经课程,投资分析,董明珠在董事会和股东大会的影响力和对格力电器的控制力,席啸
487,11830,财经课程,投资分析,董明珠在格力电器混改事件中带给我们的启示与借鉴,席啸
167,11831,财经课程,投资分析,从董明珠看另类公司控制--来自“格力电器”的经验,席啸
99,11073,财经课程,投资分析,常颖的奢侈品鉴赏逻辑（一）奢侈品的历史与自我品牌风格,常颖
551,11075,财经课程,投资分析,常颖的奢侈品鉴赏逻辑（二）练就自己的奢侈品购买技巧,常颖
181,10793,财经课程,投资分析,玩转 ETF,张兴
597,10893,财经课程,投资分析,股票投资策略：自上而下与自下而上,张兴
819,11197,财经课程,投资分析,科创板投资正当时（一）科创板全景,张兴
668,11199,财经课程,投资分析,科创板投资正当时（二）科创板定价及交易特征,张兴
266,11201,财经课程,投资分析,科创板投资正当时（三）如何参与科创板,张兴
234,11300,财经课程,投资分析,科创板投资正当时,张兴
610,11363,财经课程,投资分析,新《证券法》修订背景,张兴
582,11364,财经课程,投资分析,新《证券法》的五大突破之全面推行注册制,张兴
50,11365,财经课程,投资分析,新《证券法》的五大突破之全四项加强改革,张兴
817,11366,财经课程,投资分析,新《证券法》的影响及市场点评与投资机会,张兴
26,11367,财经课程,投资分析,新《证券法》：注册制时代，激活资本市场活力,张兴
101,11576,财经课程,投资分析,您需要了解的投资人心理特征——过度自信,张泽迅
639,11577,财经课程,投资分析,您需要了解的投资人心理特征——心理账户,张泽迅
120,11651,财经课程,投资分析,全球主要股市估值现状,张泽迅
769,11652,财经课程,投资分析,全球主要股市间估值比较及港股投资价值分析,张泽迅
697,11653,财经课程,投资分析,全球主要股市估值比较,张泽迅
174,11755,财经课程,投资分析,您需要了解的投资人心理特征——损失厌恶,张泽迅
300,11756,财经课程,投资分析,您需要了解的投资人心理特征——羊群效应,张泽迅
405,11757,财经课程,投资分析,您需要了解的投资人心理特征,张泽迅
913,12708,财经课程,投资分析,原油供需关系和油价影响因素,张泽迅
912,12709,财经课程,投资分析,油价的历史、现状和未来,张泽迅
910,12710,财经课程,投资分析,油价暴跌对金融投资工具以及上游行业的影响,张泽迅
911,12711,财经课程,投资分析,油价暴跌对中下游行业的影响及投资建议,张泽迅
914,12712,财经课程,投资分析,油价暴跌带来的投资机会,张泽迅
6,10627,财经课程,投资分析,中国陶瓷收藏与投资,张现峰
744,11494,财经课程,投资分析,陶瓷的魅力与投资优点,张现峰
818,11495,财经课程,投资分析,陶瓷的购买途径分析,张现峰
774,11496,财经课程,投资分析,潜力陶瓷品种的投资分析,张现峰
327,11497,财经课程,投资分析,陶瓷艺术品如何合理购买,张现峰
57,11809,财经课程,投资分析,信托行业存在的问题与乱象（上）,张鹏
15,11810,财经课程,投资分析,信托行业存在的问题与乱象（下）,张鹏
420,11811,财经课程,投资分析,信托业的强监管格局,张鹏
767,11812,财经课程,投资分析,信托产品、人员和行业发展趋势分析,张鹏
545,11813,财经课程,投资分析,信托业发展趋势研判及分析,张鹏
753,11071,财经课程,投资分析,区块链正悄悄颠覆金融业？,戴星
516,10851,财经课程,投资分析,可转债投资入门,曹渊
996,13001,财经课程,投资分析,战胜通货膨胀的不二法门,朱晓俊
1001,13002,财经课程,投资分析,散户为何更适合做基金投资,朱晓俊
995,13003,财经课程,投资分析,给小白的第一堂基金课,朱晓俊
1000,13004,财经课程,投资分析,本金翻倍背后的秘密,朱晓俊
1003,13005,财经课程,投资分析,判断风险承受能力与基金投资偏好,朱晓俊
1004,13006,财经课程,投资分析,如何运用基金做资产配置,朱晓俊
997,13007,财经课程,投资分析,投资者为何总是买错基金,朱晓俊
994,13008,财经课程,投资分析,基金界的“新生儿”——FOF,朱晓俊
1005,13009,财经课程,投资分析,属于你的操作——择时与择基,朱晓俊
998,13010,财经课程,投资分析,远离“傲慢与偏见”，做聪明的投资者,朱晓俊
1006,13011,财经课程,投资分析,基金被套该怎么办,朱晓俊
1002,13012,财经课程,投资分析,细数买基金的那些“坑”,朱晓俊
176,11097,财经课程,投资分析,房地产市场周期与层次,李兴隆
146,11099,财经课程,投资分析,房地产市场影响因素与市场展望,李兴隆
966,12862,财经课程,投资分析,房地产市场上半年回顾及未来展望,李兴隆
1286,14036,财经课程,投资分析,经济内循环是什么,李兴隆
1289,14037,财经课程,投资分析,为什么要提出经济内循环,李兴隆
1288,14038,财经课程,投资分析,经济内循环优劣势以及对资产配置的影响,李兴隆
1287,14040,财经课程,投资分析,内循环背景下的资产配置,李兴隆
275,11454,财经课程,投资分析,债券市场实质违约概况与特征,李恺
740,11455,财经课程,投资分析,债券违约因素分析,李恺
232,11456,财经课程,投资分析,债券违约前的普遍特征,李恺
748,11457,财经课程,投资分析,违约债券回收现状、处置方式及债券市场的未来展望,李恺
377,11458,财经课程,投资分析,当前境内市场债券违约情况概述,李恺
558,11369,财经课程,投资分析,央行发行数字货币意味着什么？（中）,李经纬
685,11370,财经课程,投资分析,央行发行数字货币意味着什么？（下）,李经纬
796,11735,财经课程,投资分析,什么是另类数据,李经纬
683,11736,财经课程,投资分析,另类数据的应用案例,李经纬
505,11737,财经课程,投资分析,另类数据与经济表现,李经纬
481,11738,财经课程,投资分析,从瑞幸崩盘看另类数据的应用,李经纬
831,12192,财经课程,投资分析,气象经济与气候经济,李经纬
832,12303,财经课程,投资分析,天气风险与保险（下）,李经纬
833,12304,财经课程,投资分析,气象金融衍生品的应用,李经纬
834,12305,财经课程,投资分析,经营与投资中的天气风险管理,李经纬
844,12316,财经课程,投资分析,天气风险与保险（上）,李经纬
127,11303,财经课程,投资分析,理财产品分析的基本逻辑（上）,杜大伟
552,11305,财经课程,投资分析,理财产品分析的基本逻辑（下）,杜大伟
724,11307,财经课程,投资分析,理财产品分析的简单方法---资金流的8个节点（上）,杜大伟
315,11309,财经课程,投资分析,理财产品分析的简单方法---资金流的8个节点（下）,杜大伟
693,11335,财经课程,投资分析,看懂理财产品的一般法则,杜大伟
447,11434,财经课程,投资分析,理财产品常见讲解途径的措辞方法,杜大伟
1,11436,财经课程,投资分析,“讲清理财产品”的一般法则,杜大伟
28,11460,财经课程,投资分析,理财产品常见讲解途径的措辞逻辑,杜大伟
18,11461,财经课程,投资分析,理财产品不同讲解目的的措辞逻辑与示例,杜大伟
848,12320,财经课程,投资分析,资深客户经理必备3.0,杜大伟
618,11468,财经课程,投资分析,注册制改革中的监管与投资者权益保护(一)注册制,杨兆全
455,11469,财经课程,投资分析,注册制改革中的监管与投资者权益保护(二)证券监管实践与实务,杨兆全
385,11470,财经课程,投资分析,注册制改革中的监管与投资者权益保护(三)捍卫投资者利益,杨兆全
716,11471,财经课程,投资分析,注册制改革中的监管与投资者权益保护(四)投资者保护案例分享,杨兆全
251,11472,财经课程,投资分析,注册制改革中的监管与投资者权益保护,杨兆全
1228,13975,财经课程,投资分析,认识“法拍房”,杨建荣
1222,13976,财经课程,投资分析,购买法拍房的主要风险及规避手段（上）,杨建荣
1225,13977,财经课程,投资分析,"购买法拍房的主要风险,规避手段（下）及竞拍演练",杨建荣
1215,13978,财经课程,投资分析,如何购买法拍房,杨建荣
1107,13733,财经课程,投资分析,互联网金融——新理财合同模式,杨超
1104,13734,财经课程,投资分析,读懂理财合同,杨超
1103,13735,财经课程,投资分析,理财合同法律法规及商业银行理财业务监督管理办法,杨超
1102,13736,财经课程,投资分析,商业银行理财业务监督管理办法及高等法院指导意见,杨超
1105,13737,财经课程,投资分析,理财合同要点,杨超
1101,13738,财经课程,投资分析,理财合同案例——产品比较,杨超
1114,13739,财经课程,投资分析,理财师基本功——读懂理财合同,杨超
221,11115,财经课程,投资分析,股权转让的原理及基本要素解读,柴文祺
284,11117,财经课程,投资分析,股权转让的具体形式拆解及筹划技巧,柴文祺
243,11710,财经课程,投资分析,投资A股的大环境,武伟
162,11711,财经课程,投资分析,专注——投资中的长情,武伟
249,11712,财经课程,投资分析,应对未来的投资逻辑——确定性的行业在哪里,武伟
383,11713,财经课程,投资分析,如何寻找确定的企业,武伟
609,11714,财经课程,投资分析,A股市场的宏观研判与微观逻辑方法,武伟
63,11465,财经课程,投资分析,个人外汇的进出以及使用,汪灵罡
497,11466,财经课程,投资分析,海外投资途径及CRS法则,汪灵罡
822,11467,财经课程,投资分析,个人外汇与境外理财,汪灵罡
575,11343,财经课程,投资分析,2019年黄金市场发展与国际金价走势回顾,王昊
472,11344,财经课程,投资分析,黄金的属性分析及供需对于金价的影响,王昊
450,11345,财经课程,投资分析,金融视角的黄金定价,王昊
571,11346,财经课程,投资分析,美联储决策与黄金的关系（上）,王昊
271,11347,财经课程,投资分析,美联储决策与黄金的关系（下）,王昊
3,11348,财经课程,投资分析,2020全球宏观经济及金价展望,王昊
80,11349,财经课程,投资分析,2019黄金闪耀 2020能否延续上涨,王昊
1065,13689,财经课程,投资分析,黄金期权上市运行情况,王昊
1066,13690,财经课程,投资分析,黄金期权合约规则解读,王昊
1067,13691,财经课程,投资分析,黄金期权的基础策略与实际应用,王昊
1062,13692,财经课程,投资分析,黄金期权产业链运用策略,王昊
1061,13693,财经课程,投资分析,黄金期权，“权”速起航,王昊
655,10865,财经课程,投资分析,存托凭证,王雅楠
149,11079,财经课程,投资分析,个人可投资的境内类固收产品,王雅楠
484,11205,财经课程,投资分析,从华泰证券套利来看GDR,王雅楠
67,11637,财经课程,投资分析,什么是指数基金,王雅楠
690,11638,财经课程,投资分析,我国指数基金现状,王雅楠
394,11639,财经课程,投资分析,为什么要投资指数基金,王雅楠
75,11640,财经课程,投资分析,如何投资指数基金,王雅楠
12,11641,财经课程,投资分析,指数基金投资指南,王雅楠
129,11689,财经课程,投资分析,如何获取低风险的可转债打新回报,王雅楠
499,11793,财经课程,投资分析,当前的美国市场情况（上）,王雅楠
666,11794,财经课程,投资分析,当前的美国市场情况（下）,王雅楠
471,11795,财经课程,投资分析,1929年前后的美国市场,王雅楠
40,11796,财经课程,投资分析,历史的相似性与差异（上）,王雅楠
569,11797,财经课程,投资分析,历史的相似性与差异（下）,王雅楠
330,11798,财经课程,投资分析,股票暴跌债券新低，美国又处在1929年的关口吗？,王雅楠
962,12858,财经课程,投资分析,新三板打新策略分析,王雅楠
960,12859,财经课程,投资分析,新三板的革命——精选层的设立,王雅楠
963,12860,财经课程,投资分析,新三板打新的特色,王雅楠
961,12861,财经课程,投资分析,新三板的打新策略,王雅楠
1134,13762,财经课程,投资分析,存托凭证,王雅楠
1140,13763,财经课程,投资分析,存托凭证介绍,王雅楠
1146,13764,财经课程,投资分析,ADR的运作现状及定价,王雅楠
1144,13765,财经课程,投资分析,ADR的风险及其他凭证,王雅楠
1298,14057,财经课程,投资分析,类固收产品与现金类资产（上）,王雅楠
1305,14058,财经课程,投资分析,类固收产品与现金类资产（下）,王雅楠
1309,14059,财经课程,投资分析,纯债：国债、地方政府债、金融债、企业债,王雅楠
1311,14060,财经课程,投资分析,兼具股性与债性的类固收产品,王雅楠
1303,14061,财经课程,投资分析,以债券为投资标的的产品,王雅楠
1307,14062,财经课程,投资分析,个人可投资的境内类固收产品,王雅楠
114,11185,财经课程,投资分析,破解投资”七情“魔咒（一）投资者的认知,秦红
419,11187,财经课程,投资分析,破解投资”七情“魔咒（二）投资者的决策,秦红
772,11189,财经课程,投资分析,破解投资”七情“魔咒（三）投资者的感受,秦红
576,11191,财经课程,投资分析,破解投资”七情“魔咒（四）投资者的表达,秦红
334,11193,财经课程,投资分析,破解投资”七情“魔咒（五）七情的化解与客户经理的价值,秦红
526,11503,财经课程,投资分析,投资六欲——贪生、怕死,秦红
726,11504,财经课程,投资分析,投资六欲——耳顺、目定,秦红
480,11505,财经课程,投资分析,投资六欲——口出、鼻简,秦红
570,11662,财经课程,投资分析,换个角度谈“投资”系列课,秦红
213,11758,财经课程,投资分析,修炼“六度”——基金与尽早投资的重要性,秦红
562,11759,财经课程,投资分析,修炼“六度”——长期投资的巨大魅力,秦红
800,11760,财经课程,投资分析,修炼“六度”——定投投资的三个“好朋友”,秦红
849,12321,财经课程,投资分析,修炼“六度”——投资，选对时机很重要,秦红
850,12322,财经课程,投资分析,修炼“六度”——关键一步：基金产品的选择和调整,秦红
851,12323,财经课程,投资分析,修炼“六度”——资产配置中的投资智慧,秦红
852,12324,财经课程,投资分析,投资决策中的大智慧——从“心”视角看投资,秦红
1306,14053,财经课程,投资分析,专访秦红：基金研究22年，始于投资，终于修心,秦红
340,11621,财经课程,投资分析,期权的基础与框架,管大宇
219,11622,财经课程,投资分析,买入期权的损益特性,管大宇
689,11623,财经课程,投资分析,卖出期权的损益特性,管大宇
762,11624,财经课程,投资分析,期权实战组合策略（上）,管大宇
588,11625,财经课程,投资分析,期权实战组合策略（下）,管大宇
502,11626,财经课程,投资分析,场外期权&建立期权交易框架体系,管大宇
721,11627,财经课程,投资分析,买方策略如何获得最大盈利,管大宇
259,11628,财经课程,投资分析,卖方策略和现货策略的优化,管大宇
503,11629,财经课程,投资分析,百变的价差策略,管大宇
614,11630,财经课程,投资分析,期权的风控方法&建立期权思维,管大宇
629,11631,财经课程,投资分析,期权实战内训课程,管大宇
909,12704,财经课程,投资分析,“国家大基金”产生的背景,翟进
908,12705,财经课程,投资分析,“国家大基金”的介入,翟进
905,12706,财经课程,投资分析,寻找“国家大基金”投资中的机会,翟进
907,12707,财经课程,投资分析,“国家大基金”带来的科技股投资机遇,翟进
254,11281,财经课程,投资分析,房价的热气球模型,蔡照明
198,11283,财经课程,投资分析,十九大后买房要换个逻辑,蔡照明
43,11285,财经课程,投资分析,购房原理之稀缺性原理,蔡照明
19,11287,财经课程,投资分析,购房原理之相关性原理及流动性原理,蔡照明
782,11289,财经课程,投资分析,城市漂移理论（上）,蔡照明
205,11291,财经课程,投资分析,城市漂移理论（下）,蔡照明
437,11293,财经课程,投资分析,房产税势在必行（上）,蔡照明
713,11295,财经课程,投资分析,房产税势在必行（下）,蔡照明
500,11297,财经课程,投资分析,购房之房子应该怎么选,蔡照明
797,11298,财经课程,投资分析,跟着蔡照明学买房,蔡照明
623,11387,财经课程,投资分析,房地产专项课,蔡照明
1170,13775,财经课程,投资分析,FOF的概述与研究,薛吴健
1157,13777,财经课程,投资分析,MOM介绍,薛吴健
1163,13778,财经课程,投资分析,FOF的筛选配置与风险管理,薛吴健
1169,13781,财经课程,投资分析,FOF的筛选和资产配置,薛吴健
473,11788,财经课程,投资分析,艺术品基金分类与发展,赵力
329,11789,财经课程,投资分析,艺术品基金构建与运作,赵力
299,11790,财经课程,投资分析,艺术品基金国外鉴赏案例,赵力
134,11791,财经课程,投资分析,艺术品基金国内鉴赏案例,赵力
240,11792,财经课程,投资分析,艺术品基金运作模式与风险挑战,赵力
1207,13955,财经课程,投资分析,认识企业财务报表,赵宇斌
1209,13956,财经课程,投资分析,财务比率,赵宇斌
1208,13957,财经课程,投资分析,报表分析方法（上）,赵宇斌
1206,13958,财经课程,投资分析,报表分析方法（下）,赵宇斌
1211,13959,财经课程,投资分析,报表分析案例解读,赵宇斌
1210,13960,财经课程,投资分析,财务报表分析方法,赵宇斌
233,10867,财经课程,投资分析,区块链与金融,邢恩泉
616,11342,财经课程,投资分析,理财经理必备,邢恩泉
295,11867,财经课程,投资分析,疫情下的经济分析与财富管理,郝宝
1019,13114,财经课程,投资分析,情绪是投资的大敌，透过现象看本质去保持定力,郭德涵
1015,13115,财经课程,投资分析,如何用资产配置减少情绪的影响,郭德涵
1016,13116,财经课程,投资分析,向大师学习提升情绪管理能力,郭德涵
1013,13117,财经课程,投资分析,如何在投资中保持良好情绪,郭德涵
1247,13994,财经课程,投资分析,基金业务发展宝典——观念与管理篇,郭鉴旻
1245,13995,财经课程,投资分析,基金业务的三条路径（上）,郭鉴旻
1246,13996,财经课程,投资分析,基金业务的三条路径（下） 及基金定投的深入认识,郭鉴旻
1243,13997,财经课程,投资分析,银行基金业务的持续提升,郭鉴旻
1242,13990,财经课程,投资分析,新基建总体观察与5G行业投向选择,陈择华
1241,13991,财经课程,投资分析,特高压、城际高铁和城轨与新能源充电桩行业投向选择,陈择华
1238,13992,财经课程,投资分析,大数据中心、人工智能与工业互联网行业投向选择,陈择华
1240,13993,财经课程,投资分析,新基建背景下商业银行投向产业链分析,陈择华
771,11803,财经课程,投资分析,股权投资的行业发展和职业生涯现状,陈海燕
293,11804,财经课程,投资分析,股权投资四大流程,陈海燕
11,11805,财经课程,投资分析,股权投资的基本投资逻辑及国内外资本市场介绍,陈海燕
548,11806,财经课程,投资分析,一级市场大咖如何玩转股权投资,陈海燕
279,11807,财经课程,投资分析,聊聊股权投资那点事,陈海燕
1236,13984,财经课程,投资分析,全球资产配置的工具和目的,陈海燕
1234,13985,财经课程,投资分析,快速读懂港股打新,陈海燕
1237,13987,财经课程,投资分析,快速读懂美股打新,陈海燕
1233,13988,财经课程,投资分析,打新套利的基本逻辑与案例解析,陈海燕
1239,13989,财经课程,投资分析,聊聊港美股打新那点事,陈海燕
662,10785,财经课程,投资分析,海外置业之区域选择与风险,陈磊
691,11145,财经课程,投资分析,亚洲房地产市场投资热潮下的冷观察,陈磊
215,11772,财经课程,投资分析,原油“三国杀”及原油基础知识,陈辉
89,11773,财经课程,投资分析,原油投资基础和投资分析,陈辉
681,11774,财经课程,投资分析,原油投资分析---原油市场“恩怨录”,陈辉
768,11775,财经课程,投资分析,原油投资价格预测及投资策略,陈辉
379,11776,财经课程,投资分析,百年危机  原油分析及投资策略,陈辉
813,11691,财经课程,投资分析,房产过户给子女，哪种方式更划算（一）赠与,陶芳
263,11692,财经课程,投资分析,房产过户给子女，哪种方式更划算（二）继承,陶芳
470,11693,财经课程,投资分析,房产过户给子女，哪种方式更划算（四）三种过户方式比较与建议,陶芳
150,11694,财经课程,投资分析,房产过户给子女，哪种方式更划算（三）买卖,陶芳
650,11695,财经课程,投资分析,房产过户给子女，哪种方式更划算-赠与、继承、买卖,陶芳
803,11815,财经课程,投资分析,上市公司财务指标解读系列之一——ROE,雷振妹
535,11816,财经课程,投资分析,上市公司财务指标解读系列之二——商誉,雷振妹
795,11817,财经课程,投资分析,上市公司财务指标解读系列之三——研发费用,雷振妹
36,11818,财经课程,投资分析,上市公司财务指标解读系列,雷振妹
835,12307,财经课程,投资分析,A股上市公司现金流结构分析,雷振妹
836,12308,财经课程,投资分析,案例分析1：现金流风险特征分类分析,雷振妹
837,12309,财经课程,投资分析,案例分析2：“暴雷白马”现金流综合分析及小结,雷振妹
838,12310,财经课程,投资分析,上市公司财务指标解读——现金流,雷振妹
845,12317,财经课程,投资分析,现金流的三大类型、八种结构,雷振妹
846,12318,财经课程,投资分析,五种常见的现金流分析指标,雷振妹
565,11658,财经课程,投资分析,白马股的概念与形态,马赛
720,11659,财经课程,投资分析,白马股的优点和共性,马赛
357,11660,财经课程,投资分析,白马股适合个人投资者吗,马赛
61,11661,财经课程,投资分析,投资白马股的逻辑和方法,马赛
761,11906,财经课程,投资分析,A、港、美三大股后市展望及投资机会,马赛
389,11908,财经课程,投资分析,带你回顾美股的四次熔断,马赛
165,11955,财经课程,投资分析,美股VS港股，谁更具投资价值？,马赛
109,11956,财经课程,投资分析,A股能否走出独立行情？,马赛
415,11957,财经课程,投资分析,后疫情时代下的投资机会,马赛
365,11488,财经课程,投资分析,指数释义及A股主要指数介绍,高一普
670,11490,财经课程,投资分析,如何进行指数化投资,高一普
642,11491,财经课程,投资分析,PE-Band定投原理,高一普
238,11492,财经课程,投资分析,指数化投资-释义、工具及方法,高一普
102,11493,财经课程,投资分析,指数投资工具,高一普
9,10771,财经课程,投资分析,上证50指数ETF基金期权解读,黎强
1229,13979,财经课程,投资分析,上证50指数ETF基金期权解读（上）,黎强
1230,13980,财经课程,投资分析,上证50指数ETF基金期权解读（下）,黎强
1231,13981,财经课程,投资分析,上证50指数ETF基金期权解读,黎强
1252,13998,财经课程,法律实践,家族文化和企业文化的不同表达与承载,云大慧
1259,13999,财经课程,法律实践,文化的法律思考以及对财富规划与布局的影响,云大慧
1257,14000,财经课程,法律实践,家族文化理念对财富传承工具选择的影响以及法律观察,云大慧
1251,14001,财经课程,法律实践,文化对家族财富管理与传承的影响,云大慧
646,10236,财经课程,法律实践,家庭房产保卫战之Ⅰ,其他
442,10239,财经课程,法律实践,家庭房产保卫战之Ⅲ,其他
589,10244,财经课程,法律实践,家庭房产保卫战之Ⅱ,其他
556,10863,财经课程,法律实践,遗嘱制作“九宫格”,刘东华
488,10963,财经课程,法律实践,“高额认缴”与“实缴不足”的法律风险,刘东华
193,11680,财经课程,法律实践,继父母与继子女关系与继承,刘东华
739,11681,财经课程,法律实践,继父母与继子女之间的继承资格,刘东华
521,11682,财经课程,法律实践,继父母与继子女遗产分配的典型案例,刘东华
786,11683,财经课程,法律实践,涉外继父母与继子女继承的法律适用,刘东华
320,11684,财经课程,法律实践,继父母与继子女相互继承之争,刘东华
24,11715,财经课程,法律实践,配偶身份与婚姻,刘东华
536,11716,财经课程,法律实践,配偶身份与人身权益,刘东华
204,11717,财经课程,法律实践,配偶身份与财产权益（上）：一般规则,刘东华
530,11718,财经课程,法律实践,配偶身份与财产权益（中）特殊财产：收益 股权 房屋,刘东华
444,11719,财经课程,法律实践,配偶身份与财产权益（下）特殊财产：知识产权 保险 彩礼 债务,刘东华
517,11720,财经课程,法律实践,配偶身份与继承权益,刘东华
461,11721,财经课程,法律实践,配偶身份涉外因素与法律适用,刘东华
790,11722,财经课程,法律实践,婚姻配偶法律关系课程,刘东华
1022,13123,财经课程,法律实践,应急征用的适用规则,刘东华
1020,13124,财经课程,法律实践,应急征用的补偿规则,刘东华
1021,13125,财经课程,法律实践,从“疫情”征用看应急征用规则下的产权,刘东华
1193,13949,财经课程,法律实践,民法典构建的财富生态规则：《民法典》概览,刘东华
1195,13951,财经课程,法律实践,民法典时代对财富人士的影响——从人格权编谈起,刘莉
1291,14042,财经课程,法律实践,民法典时代对财富人士的影响——从物权编谈起,刘莉
1203,13952,财经课程,法律实践,民法典合同编的相关法律问题辨析（上）,刘钟鸣
1197,13953,财经课程,法律实践,民法典合同编的相关法律问题辨析（下）,刘钟鸣
1200,13954,财经课程,法律实践,民法典合同编的相关法律问题辨析,刘钟鸣
1290,14041,财经课程,法律实践,民法典侵权责任编的相关法律问题辨析,刘钟鸣
812,11209,财经课程,法律实践,夫妻间财产的那些事—离婚时夫妻间共同财产的分割（上）,彭兰
534,11646,财经课程,法律实践,什么是强制执行,杨建荣
799,11647,财经课程,法律实践,怎么申请强制执行,杨建荣
33,11648,财经课程,法律实践,强制措施和执行措施的实施,杨建荣
641,11649,财经课程,法律实践,如何申请强制执行,杨建荣
964,12863,财经课程,法律实践,银行业务常见法律纠纷分析,杨建荣
965,12864,财经课程,法律实践,银行业务法律关系分析,杨建荣
967,12865,财经课程,法律实践,负债业务及资产业务法律纠纷分析,杨建荣
968,12866,财经课程,法律实践,中间业务法律纠纷分析,杨建荣
1086,13716,财经课程,法律实践,民法典给婚姻财富规划带来的变化之离婚冷静期,桂芳芳
1084,13717,财经课程,法律实践,民法典时代婚姻财富规划：财产照顾无过错方,桂芳芳
1085,13718,财经课程,法律实践,民法典财富传承规划之遗嘱形式的调整,桂芳芳
1088,13720,财经课程,法律实践,继承后时代遗产管理和两大工具组合拳,桂芳芳
1087,13721,财经课程,法律实践,民法典时代家庭财富保障新打法,桂芳芳
1185,13926,财经课程,法律实践,公证处：既近又远,汪灵罡
1182,13927,财经课程,法律实践,典型的公证事项介绍,汪灵罡
1183,13928,财经课程,法律实践,公证制度并不完美,汪灵罡
1189,13929,财经课程,法律实践,中国公证法律制度简介,汪灵罡
1177,13930,财经课程,法律实践,二手房看房与房屋权属核验中的法律风险及其防范,王晨龙
1178,13931,财经课程,法律实践,二手房签约和网签过程中的法律风险,王晨龙
1180,13932,财经课程,法律实践,二手房首付贷款、过户交房与户口迁出法律风险,王晨龙
1181,13933,财经课程,法律实践,二手房交易中的法律风险,王晨龙
1330,14067,财经课程,法律实践,一手房交易谨防“五证不全”与“定金”陷阱,王晨龙
1331,14068,财经课程,法律实践,警惕开发商夸大宣传与购买学区房的“坑”,王晨龙
1320,14069,财经课程,法律实践,一手房交易合同签订时的法律风险,王晨龙
1332,14070,财经课程,法律实践,一手房交易合同签订后的法律风险,王晨龙
1322,14071,财经课程,法律实践,一手房交易中的法律风险,王晨龙
354,10787,财经课程,法律实践,婚姻中的法律风险及防范措施,许俊
141,11051,财经课程,法律实践,婚变引起的财富风险及应对之道,许俊
110,11053,财经课程,法律实践,婚前财产纠纷解决策略及规划,许俊
1188,13934,财经课程,法律实践,婚变引发的私人财富风险与应对及案例解析,许俊
1184,13935,财经课程,法律实践,婚变导致的企业家及高净值人士财富传承风险防范,许俊
1190,13936,财经课程,法律实践,婚变引起的财富风险及应对之道,许俊
553,11482,财经课程,法律实践,公司界定、股东责任和夫妻共同债务,魏绍玲
32,11484,财经课程,法律实践,公司核心三会和公司核心管理人员,魏绍玲
808,11485,财经课程,法律实践,企业家权益保护-公司内部治理需要注意的法律问题,魏绍玲
44,11486,财经课程,法律实践,公司融资——对赌协议风险防范,魏绍玲
359,11487,财经课程,法律实践,公司内部的宪法：公司章程设计,魏绍玲
253,11355,财经课程,法律实践,遗嘱仅仅是财富传承吗？,麻杰山
13,11356,财经课程,法律实践,真正的财产清单究竟长什么样？,麻杰山
408,11357,财经课程,法律实践,没有遗嘱的继承，能有多复杂？,麻杰山
384,11358,财经课程,法律实践,无效遗嘱比例惊人，如何判断遗嘱是否有效？,麻杰山
106,11359,财经课程,法律实践,如何为客户做简单的遗嘱筹划？,麻杰山
116,11360,财经课程,法律实践,怎样起草一份无懈可击的遗嘱？,麻杰山
486,11361,财经课程,法律实践,无懈可击的遗嘱还需要怎样的流程？,麻杰山
763,11362,财经课程,法律实践,遗嘱——财富人生的终极智慧之无懈可击的流程,麻杰山
869,12454,财经课程,法律实践,遗嘱与保险、家族信托的综合应用,麻杰山
870,12455,财经课程,法律实践,五种遗嘱形式大比拼，究竟哪款更实用？,麻杰山
864,12456,财经课程,法律实践,这些意想不到的细小瑕疵，竟然导致遗嘱无效！,麻杰山
866,12457,财经课程,法律实践,面对一份合法有效的遗嘱，为何法官却给出了不同判决？,麻杰山
865,12458,财经课程,法律实践,公证、律师、新兴机构，各具特色如何选择？,麻杰山
867,12459,财经课程,法律实践,遗嘱居然可以成为开发客户的独门绝技,麻杰山
868,12460,财经课程,法律实践,如何运用遗嘱挖掘大额保单？,麻杰山
1329,14200,财经课程,法律实践,走进民法典——婚姻财产与风险隔离,麻杰山
902,12596,财经课程,福利规划,理财业务合规风险要素,刘东华
903,12597,财经课程,福利规划,理财合规风险识别,刘东华
901,12598,财经课程,福利规划,金融理财从业竞合,刘东华
904,12599,财经课程,福利规划,银行理财新规对金融从业人员的影响,刘东华
1053,13688,财经课程,福利规划,客户经理职业发展十问,李智海
501,10361,财经课程,福利规划,后脱欧时代的留学、移民和理财-英国脱欧系列,胡乃军
717,11664,财经课程,福利规划,移民的基础概念,薛昊
173,11665,财经课程,福利规划,移民热点数据及分析,薛昊
222,11666,财经课程,福利规划,移民类别的细则及案例分享,薛昊
583,11667,财经课程,福利规划,热点话题及新闻的思考,薛昊
417,11668,财经课程,福利规划,移民追根溯源,薛昊
397,11669,财经课程,福利规划,移民踩坑案例及行业发展趋势,薛昊
816,11670,财经课程,福利规划,移民官视角看移民,薛昊
113,11143,财经课程,福利规划,美国签证移民及综述,陈磊
1281,14031,财经课程,私人银行,根据不同年龄段了解高净值人群的偏好,Candice Wu
1283,14032,财经课程,私人银行,根据不同地域特点了解高净值人群的偏好,Candice Wu
1282,14033,财经课程,私人银行,高净值客户爱好习性,Candice Wu
1284,14034,财经课程,私人银行,与高净值客户的沟通准备,Candice Wu
1285,14035,财经课程,私人银行,了解你的高净值客户,Candice Wu
1323,14201,财经课程,私人银行,投资顾问对分行私财管理业务营销支持与组织推动（上）,任瑾
1324,14202,财经课程,私人银行,投资顾问对分行私财管理业务营销支持与组织推动（下）,任瑾
1328,14203,财经课程,私人银行,投资顾问对分行私财业务营销支持与组织推动,任瑾
1313,14054,财经课程,私人银行,高净值人士特点以及“不可能三角”,刘宁辉
1314,14055,财经课程,私人银行,高净值人士投资工具运用的四种逻辑,刘宁辉
1312,14056,财经课程,私人银行,面向高净值人士的投资工具选择,刘宁辉
392,11761,财经课程,私人银行,国美股权之争背后的故事,卢晓慧
594,11763,财经课程,私人银行,股权激励的关键要素,卢晓慧
336,11764,财经课程,私人银行,股权激励模式之逻辑思维与得到,卢晓慧
184,11765,财经课程,私人银行,股权激励模式之华为与美的,卢晓慧
269,11766,财经课程,私人银行,股权激励的案例分析,卢晓慧
1272,14017,财经课程,私人银行,腾讯收购搜狗，意欲何为？,卢晓慧
1274,14018,财经课程,私人银行,并购重组概述,卢晓慧
1267,14019,财经课程,私人银行,并购重组案例分析,卢晓慧
1279,14020,财经课程,私人银行,并购重组概述与案例分析,卢晓慧
161,11814,财经课程,私人银行,私人银行客户经理必备,古致平
508,11063,财经课程,私人银行,第二届私人银行大赛命题逻辑解读,宋健
402,10875,财经课程,私人银行,GRAT信托及其在特朗普家族财富传承当中的运用,屠卫
29,11696,财经课程,私人银行,信息透明时代的信托设计,屠卫
696,11697,财经课程,私人银行,离岸信托保密体系的塌陷（下）,屠卫
172,11698,财经课程,私人银行,离岸信托保密体系的塌陷（中）,屠卫
752,11699,财经课程,私人银行,离岸信托保密体系的塌陷（上）,屠卫
598,11700,财经课程,私人银行,离岸信托保密体系,屠卫
366,11701,财经课程,私人银行,引言——“藏富”于离岸信托,屠卫
550,11702,财经课程,私人银行,离岸信托的信息透明化挑战,屠卫
883,12579,财经课程,私人银行,什么是数字资产,屠卫
884,12580,财经课程,私人银行,数字资产传承的障碍,屠卫
887,12581,财经课程,私人银行,数字资产清单的建立,屠卫
886,12582,财经课程,私人银行,数字资产传承的处置方式,屠卫
885,12583,财经课程,私人银行,数字资产传承的人员安排,屠卫
882,12584,财经课程,私人银行,数字资产的继承流程,屠卫
888,12585,财经课程,私人银行,个人数字资产的传承安排,屠卫
943,12734,财经课程,私人银行,从“真功夫”看民营企业的“花架子”,席啸
942,12736,财经课程,私人银行,初创企业的股权架构缺陷和“真功夫”的发展历史,席啸
939,12737,财经课程,私人银行,分红权、隐私保护、避免公私不分的设计方法和思路,席啸
938,12738,财经课程,私人银行,合作伙伴选择、退出机制、股权分配、公司决策权的设计思路,席啸
937,12739,财经课程,私人银行,家族企业的隐藏风险和家族企业的治理,席啸
941,12740,财经课程,私人银行,民营企业的公司类型选择和公司章程的价值,席啸
940,12741,财经课程,私人银行,真功夫的股权之争特点和公司架构的改变,席啸
1079,13710,财经课程,私人银行,家族信托基础知识分享,强胜楠
1083,13711,财经课程,私人银行,离岸家族信托实务操作,强胜楠
1081,13712,财经课程,私人银行,国内家族信托实务操作,强胜楠
1082,13713,财经课程,私人银行,美国家族信托实务操作,强胜楠
1080,13714,财经课程,私人银行,家族信托业务实务操作,强胜楠
969,12867,财经课程,私人银行,新设公司的五大架构考量,徐登峰
972,12868,财经课程,私人银行,如何区分公司类型,徐登峰
973,12869,财经课程,私人银行,企业类型的多样与经营期限,徐登峰
971,12870,财经课程,私人银行,投资主体的选择,徐登峰
970,12871,财经课程,私人银行,股份代持的恩怨及三类股东,徐登峰
372,11311,财经课程,私人银行,为什么要规划大额保单,曾祥霞
780,11313,财经课程,私人银行,大额保单与债务隔离,曾祥霞
41,11315,财经课程,私人银行,大额保单与婚姻财富规划（上）,曾祥霞
351,11317,财经课程,私人银行,大额保单与婚姻财富规划（下）,曾祥霞
667,11319,财经课程,私人银行,大额保单与财富传承综合应用案例,曾祥霞
975,12872,财经课程,私人银行,家族企业股权传承的危机与应对,李可书
981,12873,财经课程,私人银行,家族企业传承常见四大风险,李可书
978,12874,财经课程,私人银行,家族企业传承七大工具（上）,李可书
977,12875,财经课程,私人银行,家族企业传承七大工具（下）,李可书
974,12876,财经课程,私人银行,家族企业传承体系十四个方面,李可书
825,11926,财经课程,私人银行,美国篇——平衡投资，优化资产配置,杨晔
826,11928,财经课程,私人银行,加拿大篇——各类相关资产配置,杨晔
827,12089,财经课程,私人银行,带你了解美国的资本市场,杨晔
828,12090,财经课程,私人银行,美国篇——房产、保险相关资产配置,杨晔
829,12091,财经课程,私人银行,美加身份高净值人士的资产配置,杨晔
673,10813,财经课程,私人银行,家族信托实操难点,杨颂雅
686,11838,财经课程,私人银行,资产代持五大风险,桂芳芳
456,11839,财经课程,私人银行,资产代持法商四计和巧用工具,桂芳芳
62,11840,财经课程,私人银行,巧用代持实现高效营销,桂芳芳
664,11841,财经课程,私人银行,资产代持法商四计 实现保单高效营销,桂芳芳
197,11842,财经课程,私人银行,资产代持三大优势,桂芳芳
1014,13118,财经课程,私人银行,源起：中国式信托风雨40年,赵力
1011,13119,财经课程,私人银行,家族艺术财富管理风险的应变之道,赵力
1012,13120,财经课程,私人银行,洛克菲勒家族：“六代帝国”的艺术财富传承秘密,赵力
1018,13121,财经课程,私人银行,“吝啬鬼”盖蒂的艺术人生,赵力
1017,13122,财经课程,私人银行,优雅传承的奥秘：家族艺术财富管理,赵力
77,11588,财经课程,私人银行,家族办公室的运作模式,陈海燕
81,11589,财经课程,私人银行,如何建立家族办公室的商业方案流程,陈海燕
302,11590,财经课程,私人银行,家族企业的核心金融服务,陈海燕
725,11591,财经课程,私人银行,家族企业的核心增值服务,陈海燕
663,11592,财经课程,私人银行,如何打造家族企业的财富传承,陈海燕
1072,13700,财经课程,私人银行,如何打造卓越的客户体验，从CRM到CVM,陈海燕
1074,13701,财经课程,私人银行,卓越客户关系管理的工具和体系,陈海燕
1070,13702,财经课程,私人银行,财富管理的差异化经营和深度服务,陈海燕
1071,13703,财经课程,私人银行,新业态下私人银行家的场景革命,陈海燕
1073,13704,财经课程,私人银行,如何长期维护宝藏高端客户,陈海燕
1051,13578,财经课程,私人银行,高净值人群为何需要家族办公室,颜怀江
1050,13579,财经课程,私人银行,中国式家族办公室的服务体系长什么样,颜怀江
1049,13580,财经课程,私人银行,机构型家族办公室如何实现本土化落地,颜怀江
1056,13581,财经课程,私人银行,机构内如何开展家办业务,颜怀江
60,11870,财经课程,私人银行,高净值人士在想什么,魏绍玲
195,11368,财经课程,税务解读,存贷双高的风险警示,其他
1256,14002,财经课程,税务解读,三大自贸区税收优惠新政对比分析,夏倩
1250,14003,财经课程,税务解读,海南自由贸易港建设总体方案精髓解读,夏倩
1255,14004,财经课程,税务解读,海南自贸区税收新政详解,夏倩
1249,14005,财经课程,税务解读,自贸区投资切勿陷入税筹陷阱,夏倩
1260,14006,财经课程,税务解读,海南自贸区新政解读及税筹案例分析,夏倩
1096,13727,财经课程,税务解读,高净值人士面临的税收环境与挑战,彭启蕾
1095,13728,财经课程,税务解读,反避税规则相继出台,彭启蕾
1091,13729,财经课程,税务解读,反避税领域的基本认知与经典模式,彭启蕾
1094,13730,财经课程,税务解读,反避税经典案例解析,彭启蕾
1099,13731,财经课程,税务解读,高净值人士税筹六大建议,彭启蕾
1098,13732,财经课程,税务解读,高净值人士反避税风险与案例解析,彭启蕾
374,10981,财经课程,税务解读,避税港的前世今生,李经纬
313,11061,财经课程,税务解读,信息透明时代的风险与挑战,李经纬
1115,13745,财经课程,税务解读,财富基石构成与税务信息交换,李经纬
1112,13746,财经课程,税务解读,五种全球税务信息交换渠道,李经纬
1108,13747,财经课程,税务解读,新时代的风险与应对,李经纬
1110,13748,财经课程,税务解读,信息透明时代的风险与挑战,李经纬
1128,13766,财经课程,税务解读,避税港的产生,李经纬
1130,13767,财经课程,税务解读,选择避税港的动机,李经纬
1126,13768,财经课程,税务解读,避税港的影响,李经纬
1129,13769,财经课程,税务解读,避税港的前世今生,李经纬
294,11883,财经课程,税务解读,个人节税之道及未来展望,柴文祺
100,11884,财经课程,税务解读,企业节税之企业所得税思路与案例,柴文祺
518,11885,财经课程,税务解读,企业节税之增值税思路与案例,柴文祺
326,11886,财经课程,税务解读,中国最新税收环境介绍,柴文祺
353,11887,财经课程,税务解读,税收大数据下，企业与个人的节税实操,柴文祺
600,10411,财经课程,税务解读,CRS国际协定来了，中国人的海外资产该如何应对?,王亭喜
684,11275,财经课程,税务解读,居民和非居民个人薪酬所得的筹划,翟继光
157,11277,财经课程,税务解读,共同适用的薪酬所得筹划,翟继光
10,11279,财经课程,税务解读,个人其他综合所得及个人其他所得的筹划,翟继光
707,11280,财经课程,税务解读,新个税法下的纳税筹划,翟继光
79,11350,财经课程,税务解读,个人所得税汇算清缴的概念和重要性,邢娟
370,11352,财经课程,税务解读,“个人所得税汇算清缴”的实务解析,邢娟
276,11353,财经课程,税务解读,年终奖的陷阱以及案例解析,邢娟
710,11354,财经课程,税务解读,个人所得税汇算清缴，你准备好了吗,邢娟
131,11522,财经课程,税务解读,大数据时代税筹新思路概述,邢娟
593,11523,财经课程,税务解读,组织架构税筹——顶层持股架构,邢娟
607,11524,财经课程,税务解读,组织架构税筹——成立分公司还是子公司,邢娟
715,11525,财经课程,税务解读,组织架构税筹——出资形式与并购重组,邢娟
658,11526,财经课程,税务解读,商业模式税筹,邢娟
342,11527,财经课程,税务解读,合同设计税筹,邢娟
190,11528,财经课程,税务解读,优惠政策税筹,邢娟
425,11529,财经课程,税务解读,大数据时代企业税筹新思路模型,邢娟
539,11598,财经课程,税务解读,金三系统原理和管“票”的手段,邢娟
543,11599,财经课程,税务解读,金三系统管“税”的方法,邢娟
581,11600,财经课程,税务解读,金三系统下的税务风险管控原理,邢娟
640,11894,财经课程,税务解读,税务筹划一点通 2.0,邢娟
356,11569,财经课程,税务解读,战“疫”，税收纾困政策----防护救治与物资供应,闫俊
66,11570,财经课程,税务解读,战“疫”，税收纾困政策----公益捐赠与中小微企业,闫俊
265,11571,财经课程,税务解读,渡“劫”复“工”----社保解难和综合扶助政策,闫俊
267,11572,财经课程,税务解读,中小企业抗“疫”渡“劫”——税费纾困扶助政策解读,闫俊
824,11301,财经课程,税务解读,个人捐赠如何在个税前扣除,闫淑青
468,11371,财经课程,税务解读,税收常识：美国税收居民个人的判定,闫淑青
289,11372,财经课程,税务解读,税收常识：香港税收居民个人的判定,闫淑青
778,11819,财经课程,税务解读,节税概述与节税基本思路,闫淑青
85,11821,财经课程,税务解读,增值税的常见节税方法,闫淑青
537,11822,财经课程,税务解读,企业所得税的常见节税方法,闫淑青
252,11823,财经课程,税务解读,企业所得税和其他税种的常见节税方法,闫淑青
311,11824,财经课程,税务解读,节税失败的常见问题,闫淑青
572,11825,财经课程,税务解读,中小企业节税策略,闫淑青
894,12586,财经课程,税务解读,我们为什么要减税,闫淑青
893,12587,财经课程,税务解读,我国减税空间的影响因素分析（上）,闫淑青
895,12588,财经课程,税务解读,我国减税空间的影响因素分析（下）,闫淑青
898,12589,财经课程,税务解读,如何有效使用我国的减税空间,闫淑青
890,12590,财经课程,税务解读,我国减税空间还有多大,闫淑青
906,12703,财经课程,税务解读,中国税收洼地系列-海南会成为下一个国际避税地吗？,闫淑青
1026,13229,财经课程,税务解读,个人所得税法改革内容解读,闫淑青
1029,13330,财经课程,税务解读,新个税法对不同人群的税收影响（上）,闫淑青
1027,13331,财经课程,税务解读,新个税法对不同人群的税收影响（下）,闫淑青
1028,13332,财经课程,税务解读,境内高收入人士的税收安排策略（上）,闫淑青
1023,13333,财经课程,税务解读,境内高收入人士的税收安排策略（下）,闫淑青
1024,13334,财经课程,税务解读,“走出去”高收入人士的税收安排策略,闫淑青
1030,13335,财经课程,税务解读,新个税法下高收入人士的税务规划,闫淑青
1327,14191,财经课程,职业素养,经典案例解析及营销技巧,任瑾
1321,14192,财经课程,职业素养,实战演练怎样做有效,任瑾
1325,14193,财经课程,职业素养,投资顾问实战演练及经典案例解析,任瑾
1326,14194,财经课程,职业素养,投顾服务规范与考核评价工作流程指引,任瑾
431,11593,财经课程,职业素养,调查的理论与实践,何建新
714,11594,财经课程,职业素养,二手数据的搜集与分析,何建新
669,11595,财经课程,职业素养,定性调查的解读与应用,何建新
231,11596,财经课程,职业素养,定量调查的解读与应用,何建新
590,11597,财经课程,职业素养,通过“调查”挖掘客户背后的真实需求,何建新
34,10219,财经课程,职业素养,商务会议礼仪,其他
814,10221,财经课程,职业素养,有趣的职场心理效应,其他
207,10222,财经课程,职业素养,寻找职场幸福感,其他
705,10243,财经课程,职业素养,客户开发技巧系列之三：如何更好的留住客户？,其他
87,10245,财经课程,职业素养,客户开发技巧系列之二：如何练就沟通的魅力？,其他
93,10306,财经课程,职业素养,商务用餐礼仪,其他
335,10551,财经课程,职业素养,职场情商训练,其他
730,10555,财经课程,职业素养,时间都去哪了,其他
584,10597,财经课程,职业素养,销售谈判专家,其他
900,12600,财经课程,职业素养,破译社交密码-实战商务礼仪,其他
533,11376,财经课程,职业素养,理财经理如何提升个人的吸引力,冷超
376,11377,财经课程,职业素养,构建关系网，圈子营销,冷超
622,11378,财经课程,职业素养,如何与客户迅速建立关系,冷超
544,11379,财经课程,职业素养,客户关系的业务维护和情感维护,冷超
477,11380,财经课程,职业素养,客户分层与分类维护及经营关系的四大策略,冷超
490,11381,财经课程,职业素养,客户关系的建立与维护,冷超
409,11388,财经课程,职业素养,电话邀约前的准备及话术包装,冷超
514,11389,财经课程,职业素养,电话邀约异议处理,冷超
118,11390,财经课程,职业素养,电话邀约六步法,冷超
248,11391,财经课程,职业素养,电话邀约结束后如何跟进,冷超
229,11392,财经课程,职业素养,电话邀约实战技巧,冷超
932,12730,财经课程,职业素养,职场妆容着装的重要性,刁东燕
933,12731,财经课程,职业素养,色彩与着装搭配,刁东燕
936,12732,财经课程,职业素养,如何选择适合自己的发型,刁东燕
934,12733,财经课程,职业素养,日常化妆的流程及方法,刁东燕
935,12735,财经课程,职业素养,职场妆容修饰技巧,刁东燕
1077,13706,财经课程,职业素养,执行力的重要性和态度,刁东燕
1078,13707,财经课程,职业素养,个人执行力的提升,刁东燕
1076,13708,财经课程,职业素养,组织的执行力提升,刁东燕
1075,13709,财经课程,职业素养,高效执行力,刁东燕
1317,14186,财经课程,职业素养,重塑营销思维-用故事思维重新思考,姚楠
1318,14187,财经课程,职业素养,打造精品故事-用经历打磨营销故事,姚楠
1316,14188,财经课程,职业素养,拓宽营销思路-故事营销模式与锦囊,姚楠
1315,14189,财经课程,职业素养,讲好营销故事-有情有理优化客户体验,姚楠
1319,14190,财经课程,职业素养,讲故事卖金融产品,姚楠
699,11767,财经课程,职业素养,数字化线上获客营销和模式创新,孙素丹
643,11768,财经课程,职业素养,打破传统思维，高效扩大线上客户池,孙素丹
196,11769,财经课程,职业素养,数字化线上营销之微信获客,孙素丹
30,11770,财经课程,职业素养,线上获客营销工具分享,孙素丹
626,11771,财经课程,职业素养,数字化线上获客营销升级与模式创新,孙素丹
1041,13346,财经课程,职业素养,皮肤的解析,宋琳梅
1040,13347,财经课程,职业素养,问题肌肤的管理,宋琳梅
1043,13348,财经课程,职业素养,医美项目对比,宋琳梅
1042,13349,财经课程,职业素养,皮肤管理与医美,宋琳梅
201,11382,财经课程,职业素养,全方位认识焦虑,常颖
495,11383,财经课程,职业素养,焦虑是如何产生,常颖
255,11384,财经课程,职业素养,焦虑和目标合理设定,常颖
117,11385,财经课程,职业素养,采取行动，克服负面情绪,常颖
398,11386,财经课程,职业素养,焦虑的释放,常颖
280,11862,财经课程,职业素养,认清短视频平台,张飛
661,11863,财经课程,职业素养,成功案例分析及如何做好短视频,张飛
164,11864,财经课程,职业素养,教你营销内容植入，直播引流及抖音算法解读,张飛
230,11865,财经课程,职业素养,掘金短视频，经典答疑汇总,张飛
393,11866,财经课程,职业素养,理财从业者掘金短视频和直播,张飛
847,12319,财经课程,职业素养,销售系列课2.0,张飛
1224,13971,财经课程,职业素养,中国茶的起源与分类（上）,朱锦武
1214,13972,财经课程,职业素养,中国茶的起源与分类（下）,朱锦武
1217,13973,财经课程,职业素养,中国茶的起源与分类,朱锦武
1244,13974,财经课程,职业素养,一杯茶养成沉稳气质——茶道黄金四法则,朱锦武
1059,13694,财经课程,职业素养,葡萄酒的大千世界,李斯伟
1060,13695,财经课程,职业素养,葡萄酒的高级鉴赏,李斯伟
1064,13696,财经课程,职业素养,葡萄酒高级鉴赏,李斯伟
1161,13915,财经课程,职业素养,让思维看的见,李爱华
1158,13916,财经课程,职业素养,让表达更清晰,李爱华
1164,13917,财经课程,职业素养,让绘图成习惯,李爱华
1172,13918,财经课程,职业素养,让应用更有趣,李爱华
1171,13919,财经课程,职业素养,思维导图：让思维看的见，让应用更有趣,李爱华
1277,14021,财经课程,职业素养,决定表达效果的要素是什么,李爱华
1271,14022,财经课程,职业素养,如何做一个具有结构化思维的高手,李爱华
1269,14023,财经课程,职业素养,如何对要素进行分类,李爱华
1270,14024,财经课程,职业素养,如何呈现神奇的表达,李爱华
1280,14025,财经课程,职业素养,结构化思维与表达,李爱华
944,12742,财经课程,职业素养,微表情识别技术及应对策略,杜夏阳
946,12743,财经课程,职业素养,微表情到底是什么,杜夏阳
947,12744,财经课程,职业素养,微表情应对策略,杜夏阳
945,12745,财经课程,职业素养,微表情表达了什么,杜夏阳
1198,13941,财经课程,职业素养,投诉情境下的客户沟通技巧,杜夏阳
1201,13942,财经课程,职业素养,投诉情境下客户以及员工的内在心理机制,杜夏阳
1196,13943,财经课程,职业素养,投诉的研究现状及心理学基础知识,杜夏阳
1204,13944,财经课程,职业素养,客户投诉处理及员工自我关怀,杜夏阳
35,11607,财经课程,职业素养,销售系列课,杨宁昱 CoCo
729,10609,财经课程,职业素养,决胜理财师大赛-案例篇,林鸿钧
931,12725,财经课程,职业素养,影响他人的三种心理状态,王新宇
928,12726,财经课程,职业素养,高接受度状态的四种带入技巧,王新宇
930,12727,财经课程,职业素养,高接受度和中等接受度状态的典型沟通场景与销售中的应用,王新宇
927,12728,财经课程,职业素养,低接受度状态的典型沟通场景与销售中的应用,王新宇
929,12729,财经课程,职业素养,销售技巧之抓住客户心理,王新宇
1199,13945,财经课程,职业素养,如何在销售中判断对方的底线（上）,王新宇
1202,13946,财经课程,职业素养,如何在销售中判断对方的底线（中）,王新宇
1194,13947,财经课程,职业素养,如何在销售中判断对方的底线（下）,王新宇
1205,13948,财经课程,职业素养,如何在销售中判断对方的底线,王新宇
1063,13697,财经课程,职业素养,赛事和赛车介绍,王萌
1069,13698,财经课程,职业素养,赛车安全,王萌
1068,13699,财经课程,职业素养,“速度与激情”，走进赛车,王萌
677,11650,财经课程,职业素养,情绪管理系列课,秦红
445,11832,财经课程,职业素养,情商决定命运——塑造20年后的孩子,苏卫宏
154,11833,财经课程,职业素养,智商、情商、财商解析,苏卫宏
709,11834,财经课程,职业素养,看是情商实是财商：案例分析,苏卫宏
567,11835,财经课程,职业素养,财商如何驱动情商,苏卫宏
478,11836,财经课程,职业素养,用财商驱动情商—塑造20年后的孩子,苏卫宏
1152,13909,财经课程,职业素养,电话邀约流程与实操要点,苏黎
1151,13910,财经课程,职业素养,电话邀约实战话术与案例精讲,苏黎
1155,13911,财经课程,职业素养,客户有效面谈的前期准备与资产检视技巧,苏黎
1156,13912,财经课程,职业素养,客户资产配置解决方案设计与呈现,苏黎
1154,13913,财经课程,职业素养,营销活动组织与案例解析,苏黎
857,12443,财经课程,职业素养,钻石选购“避坑”指南,薛岩
854,12444,财经课程,职业素养,钻石的4C标准及证书解读,薛岩
853,12445,财经课程,职业素养,钻石的肉眼鉴定方法,薛岩
855,12446,财经课程,职业素养,解密莫桑钻由来及和钻石的区别,薛岩
856,12447,财经课程,职业素养,钻石鉴赏与选购,薛岩
1173,13757,财经课程,职业素养,到底什么是KYC？,薛飞
1165,13758,财经课程,职业素养,一切问题都可以追溯到KYC,薛飞
1160,13759,财经课程,职业素养,KYC是设计出来的,薛飞
1166,13760,财经课程,职业素养,让KYC信息落地生根,薛飞
1167,13761,财经课程,职业素养,设计KYC脚本，深入挖掘客户需求,薛飞
990,12889,财经课程,职业素养,奔涌的艺术“后浪”——艺术银行,赵力
988,12890,财经课程,职业素养,物质精神的双重回报——艺术品资产,赵力
987,12891,财经课程,职业素养,珠联璧合——艺术银行的公益性与艺术性,赵力
992,12892,财经课程,职业素养,万亿产业链诞生——艺术银行的商业发展之路,赵力
991,12893,财经课程,职业素养,助推艺术“后浪”——多重领域全面开花,赵力
1186,13937,财经课程,职业素养,用户画像及其构建方法,郎巧妹
1192,13938,财经课程,职业素养,赋能客户画像进行产品设计,郎巧妹
1187,13939,财经课程,职业素养,高价值客户金融产品设计,郎巧妹
1191,13940,财经课程,职业素养,客户画像与产品优化,郎巧妹
1300,14043,财经课程,职业素养,营销习惯与客户选择四要素,郑奕
1299,14044,财经课程,职业素养,基于客户导向的需求分析与挖掘,郑奕
1308,14045,财经课程,职业素养,通过售后服务赢得客户的心,郑奕
1302,14046,财经课程,职业素养,以客户为导向的营销智慧,郑奕
1232,13982,财经课程,职业素养,商务会议礼仪,靳斓
1235,13983,财经课程,职业素养,商务用餐礼仪,靳斓
983,12882,财经课程,职业素养,高效沟通技巧,马琳
986,12884,财经课程,职业素养,沟通从同理心开始,马琳
982,12885,财经课程,职业素养,高效沟通的基础：认识自己、理解他人,马琳
985,12886,财经课程,职业素养,高效沟通技巧：学会倾听,马琳
984,12888,财经课程,职业素养,高效沟通技巧：赞赏式激励、有力发问及自我修炼,马琳
687,10507,财经课程,财经人文,一杯茶养成沉稳气质——茶道黄金四法则,其他
23,10509,财经课程,财经人文,中国茶起源与分类,其他
214,10591,财经课程,财经人文,玉成锦绣-翡翠有情,其他
651,10595,财经课程,财经人文,咖啡文化,其他
527,11778,财经课程,财经人文,谁才是你值得信赖的财务管家,其他
627,11779,财经课程,财经人文,做好财务计划是省钱的第一步,其他
273,11780,财经课程,财经人文,实现金融服务的几种手段,其他
541,11781,财经课程,财经人文,承受风险的能力与回报息息相关,其他
540,11782,财经课程,财经人文,夫妻理财观念不同，如何做好共同服务,其他
872,12566,财经课程,财经人文,从历史的视角看庚子年,天晓得（王建）
874,12567,财经课程,财经人文,疫情下中西方传统的差异,天晓得（王建）
871,12568,财经课程,财经人文,疫情之后的流年推导,天晓得（王建）
875,12569,财经课程,财经人文,用传统易学解析疫情之后发展趋势,天晓得（王建）
475,11896,财经课程,财经人文,5G的精彩应用,张兴
175,11898,财经课程,财经人文,什么是5G,张兴
741,11950,财经课程,财经人文,5G时代下如何投资,张兴
133,11951,财经课程,财经人文,5G的发展现状,张兴
483,11952,财经课程,财经人文,5G+应用——科技创新时代下的大机会,张兴
223,11723,财经课程,财经人文,彼得·林奇的伟大成就,翟进
258,11724,财经课程,财经人文,彼得·林奇的成功秘诀,翟进
68,11725,财经课程,财经人文,彼得·林奇的成长经历,翟进
458,11726,财经课程,财经人文,彼得·林奇的投资原则,翟进
743,11727,财经课程,财经人文,彼得·林奇的投资启示,翟进
446,11728,财经课程,财经人文,约翰·博格的伟大成就,翟进
307,11729,财经课程,财经人文,约翰·博格的成功秘诀,翟进
678,11730,财经课程,财经人文,约翰·博格的成长经历,翟进
371,11731,财经课程,财经人文,约翰·博格的投资建议,翟进
632,11732,财经课程,财经人文,约翰·博格的投资启示,翟进
601,11910,财经课程,财经人文,中国“价值投资教父”——张磊的主要成就,翟进
493,11912,财经课程,财经人文,中国“价值投资教父”——张磊的成长经历,翟进
412,11914,财经课程,财经人文,中国“价值投资教父”——张磊的投资启示,翟进
216,11916,财经课程,财经人文,中国“公募基金一哥”——王亚伟的成功秘诀,翟进
239,11918,财经课程,财经人文,中国“公募基金一哥”——王亚伟的投资原则,翟进
522,11967,财经课程,财经人文,中国“价值投资教父”——张磊的成功秘诀,翟进
103,11968,财经课程,财经人文,中国“价值投资教父”——张磊的投资特点,翟进
781,11969,财经课程,财经人文,中国“公募基金一哥”——王亚伟的主要成就,翟进
20,11970,财经课程,财经人文,中国“公募基金一哥”——王亚伟的成长经历,翟进
268,11971,财经课程,财经人文,中国“公募基金一哥”——王亚伟的投资启示,翟进
288,11642,财经课程,财经人文,黑天鹅事件的特性,郝宝
428,11643,财经课程,财经人文,我们为什么会遇到黑天鹅,郝宝
130,11644,财经课程,财经人文,面对黑天鹅，我们可以做些什么,郝宝
773,11645,财经课程,财经人文,黑天鹅带给我们的启示,郝宝
637,10583,财经课程,银行业务,2021 制定并提交理财规划方案,其他
485,10879,财经课程,银行业务,挖掘数据价值——大数据在商业银行中的应用,其他
98,11573,财经课程,银行业务,银行渠道期交保险营销异议处理（上）,其他
16,11574,财经课程,银行业务,银行渠道期交保险营销异议处理（下）,其他
242,11575,财经课程,银行业务,银行渠道期交保险营销异议处理,其他
347,11610,财经课程,银行业务,尽职调查的基础知识,其他
337,11611,财经课程,银行业务,尽职调查报告如何应用,其他
519,11612,财经课程,银行业务,非财务人员如何阅读财务报表,其他
178,11613,财经课程,银行业务,如何分析财务报表并发现假账,其他
438,11614,财经课程,银行业务,尽职调查的理念、应用与案例,其他
858,12452,财经课程,银行业务,中小企业信贷尽职调查实务,其他
873,12565,财经课程,银行业务,鸟瞰消费金融贷款风控,其他
881,12578,财经课程,银行业务,ABS中介机构之评级公司,其他
989,12880,财经课程,银行业务,从业者视角下的银行理财新规则,刘东华
37,11089,财经课程,银行业务,金融科技与其在财富管理中的应用,姚鑫
951,12746,财经课程,银行业务,贷款担保的法律分析,孙希荣
952,12747,财经课程,银行业务,贷款担保概述,孙希荣
949,12748,财经课程,银行业务,贷款担保典型案例集合（一）,孙希荣
948,12749,财经课程,银行业务,贷款担保典型案例集合（二）,孙希荣
954,12750,财经课程,银行业务,贷款担保典型案例集合（三）,孙希荣
950,12751,财经课程,银行业务,贷款担保典型案例集合（四）,孙希荣
953,12752,财经课程,银行业务,贷款担保典型案例集合（五）,孙希荣
332,10705,财经课程,银行业务,资管新规下，泛资管行业何去何从,屈庆
188,11843,财经课程,银行业务,舆论环境与声誉风险及近几年银行的舆情分析,左宇辰
319,11844,财经课程,银行业务,舆情应对与银行声誉管理,左宇辰
363,11845,财经课程,银行业务,银行舆情的监测管控与处置,左宇辰
700,10855,财经课程,银行业务,第三方支付行业浅谈,常慧锋
559,11498,财经课程,银行业务,房地产与银行业关系,李兴隆
166,11499,财经课程,银行业务,房地产融资的主要渠道,李兴隆
547,11500,财经课程,银行业务,房地产的发展趋势,李兴隆
382,11501,财经课程,银行业务,银行介入房地产行业的时机与作用,李兴隆
476,11502,财经课程,银行业务,银行在地产融资中的作用,李兴隆
1266,14012,财经课程,银行业务,银行异业联盟的意义,李成宇
1263,14013,财经课程,银行业务,异业联盟的设计规划与实操案例,李成宇
1265,14014,财经课程,银行业务,异业联盟的实操案例与持续经营,李成宇
1264,14015,财经课程,银行业务,银行营销之共享时代下的异业联盟,李成宇
922,12720,财经课程,银行业务,当前经济环境与货币政策,李经纬
924,12721,财经课程,银行业务,当前环境下的影子银行(上）,李经纬
926,12722,财经课程,银行业务,当前环境下的影子银行(下）,李经纬
925,12723,财经课程,银行业务,影子银行对市场的影响,李经纬
923,12724,财经课程,银行业务,全球大放水，影子银行如何影响市场,李经纬
358,11506,财经课程,银行业务,从咨询行业看财富管理,杜大伟
310,11507,财经课程,银行业务,咨询顾问的养成之路,杜大伟
528,11508,财经课程,银行业务,理财顾问的养成之路,杜大伟
228,11509,财经课程,银行业务,理财顾问需要的职业形象,杜大伟
45,11510,财经课程,银行业务,良好习惯的养成方法和工具,杜大伟
250,11511,财经课程,银行业务,给高进取型理财顾问的实操建议,杜大伟
449,11512,财经课程,银行业务,从咨询角度看财富管理,杜大伟
777,11654,财经课程,银行业务,进入强制执行的六种程序,杨建荣
247,11655,财经课程,银行业务,清收从到期之前开始,杨建荣
84,11656,财经课程,银行业务,司法清收与案例解析,杨建荣
48,11657,财经课程,银行业务,逾期债权的清收与处置,杨建荣
148,11920,财经课程,银行业务,原油宝的真身是什么？,汪灵罡
65,11922,财经课程,银行业务,原油宝交易流程详解,汪灵罡
765,11924,财经课程,银行业务,从金融合规角度看中国银行原油宝,汪灵罡
199,12087,财经课程,银行业务,什么是场外衍生品？,汪灵罡
698,12088,财经课程,银行业务,资深仲裁员回应原油宝四大焦点争议,汪灵罡
792,11399,财经课程,银行业务,风险意识与宅经济：疫情之下的财富管理,聂俊峰
754,11400,财经课程,银行业务,疫情后中国家庭未来财富管理新趋势,聂俊峰
652,11401,财经课程,银行业务,财富管理行业转型的方向,聂俊峰
688,11402,财经课程,银行业务,疫情下理财师的精神和使命,聂俊峰
466,11403,财经课程,银行业务,新冠疫情下的财富管理与理财师,聂俊峰
1153,13908,财经课程,银行业务,银行零售业务经营现状解析,苏黎
1168,13914,财经课程,银行业务,新零售•精准营销 行外吸金,苏黎
349,10625,财经课程,银行业务,互联网消费金融解码,薛洪言
53,11671,财经课程,银行业务,为什么要进行资产负债管理,赵鹏程
369,11672,财经课程,银行业务,资产管理、负债管理的理论,赵鹏程
407,11673,财经课程,银行业务,资产负债管理的具体方式,赵鹏程
452,11674,财经课程,银行业务,资产负债管理的新环境和新方式,赵鹏程
738,11675,财经课程,银行业务,商业银行资产负债管理的理念和实务前沿,赵鹏程
1276,14026,财经课程,银行业务,银行理财子公司与资管市场,赵鹏程
1273,14027,财经课程,银行业务,银行理财子公司的业务（上）,赵鹏程
1275,14028,财经课程,银行业务,银行理财子公司的业务（下）,赵鹏程
1268,14029,财经课程,银行业务,银行理财子公司的现状、问题及发展态势,赵鹏程
1278,14030,财经课程,银行业务,银行理财子公司前沿,赵鹏程
644,11739,财经课程,银行业务,境内外社会信用体系概述及人行征信系统简介,陶芳
123,11740,财经课程,银行业务,简版、详版二代信用报告解读及其他热点问题,陶芳
186,11741,财经课程,银行业务,百行征信及让人眼花的网络小贷、信用分,陶芳
429,11742,财经课程,银行业务,政府、司法体系征信以及疫情下的违约征信处理,陶芳
789,11743,财经课程,银行业务,信用，无处不在,陶芳
396,10913,财经课程,银行业务,智慧银行,马兆林
675,11394,财经课程,银行业务,银行增长的战略思维,马兆林
653,11395,财经课程,银行业务,大数据案例与银行大数据,马兆林
191,11396,财经课程,银行业务,区块链解读与银行业应用,马兆林
736,11397,财经课程,银行业务,人工智能与银行业应用,马兆林
119,11398,财经课程,银行业务,银行4.0,马兆林
274,10249,银行业务,其他,APPLEPAY系列一：绝地反击：银联携手Apple Pay 再燃支付战火,其他
180,10251,银行业务,其他,APPLEPAY系列二：以史为鉴：从三次支付革命看金融机构兴替,其他
125,10256,银行业务,其他,反洗钱精品系列：“黑钱洗白”,其他
529,10257,银行业务,其他,反洗钱精品系列：“风险防控”,其他
749,10258,银行业务,其他,反洗钱精品系列：“个人反洗钱”,其他
323,10262,银行业务,其他,解密交易银行系列一：危机中崛起,其他
31,10264,银行业务,其他,解密交易银行系列二：落地中国,其他
200,10266,银行业务,其他,明天一大波新规来袭这个貌似最具杀伤力！微信红包余额不是存款啊！,其他
325,10267,银行业务,其他,解密交易银行系列三：业务核心,其他
625,10269,银行业务,其他,解密交易银行系列四：升级与创新,其他
654,10290,银行业务,其他,为什么说流动性陷阱已经出现？难道量化宽松的货币政策已走到尽头？,其他
574,10541,银行业务,其他,金融人士必须了解的上市公司融资渠道,其他
491,10637,银行业务,其他,双语｜阿里巴巴危险的信用评级制度,其他
22,10823,银行业务,其他,瑞士银行不再为客户保密，6.8万亿美元的主人们即将揭晓,其他
95,10845,银行业务,其他,理财新规对银行理财业务人员从业的影响（上）,刘东华
318,10847,银行业务,其他,理财新规对银行理财业务人员从业的影响（中）,刘东华
341,10849,银行业务,其他,理财新规对银行理财业务人员从业的影响（下）,刘东华
805,11025,银行业务,其他,商业银行补充资本新渠道—永续债与优先股,刘雪莹
751,11067,银行业务,其他,利率（一）贷款市场报价利率——LPR,刘雪莹
143,10917,银行业务,其他,风头正盛的fintech到底是什么？（上）,李经纬
182,10947,银行业务,其他,风头正盛的Fintech到底是什么？（中）,李经纬
520,10997,银行业务,其他,风头正盛的Fintech到底是什么？（下）,李经纬
